Date,ClaimType,Location,ClaimAmount
2018-01-01,Flood,City,17615.219860154903
2018-01-02,Earthquake,City,22745.10390569969
2018-01-03,Earthquake,City,22725.339488761212
2018-01-04,Earthquake,Suburb,22274.584859102106
2018-01-05,Earthquake,Suburb,22381.821776697005
2018-01-06,Flood,Suburb,17256.680345403594
2018-01-07,Earthquake,City,22309.24209505657
2018-01-08,Storm,City,15804.181154802687
2018-01-09,Earthquake,City,22510.396607932526
2018-01-10,Earthquake,Suburb,22262.327559658843
2018-01-11,Earthquake,Rural,22116.201250291026
2018-01-12,Flood,City,17839.213815333653
2018-01-13,Earthquake,City,22846.242994563167
2018-01-14,Earthquake,Suburb,22563.792462463276
2018-01-15,Storm,Suburb,15256.534786791484
2018-01-16,Flood,City,17408.805082233368
2018-01-17,Earthquake,City,22578.32204161578
2018-01-18,Earthquake,City,22446.26334699783
2018-01-19,Earthquake,Suburb,22116.463605921927
2018-01-20,Flood,City,17539.088824251983
2018-01-21,Flood,Suburb,17337.67579563658
2018-01-22,Flood,Suburb,17234.56614976652
2018-01-23,Flood,City,17315.179491660005
2018-01-24,Flood,City,17673.32500458063
2018-01-25,Earthquake,Rural,22100.79166079283
2018-01-26,Flood,Suburb,17423.371950604287
2018-01-27,Earthquake,Suburb,22346.550057923992
2018-01-28,Storm,Suburb,15368.388406086138
2018-01-29,Earthquake,City,22677.541825413446
2018-01-30,Earthquake,City,22872.244952069177
2018-01-31,Earthquake,City,22428.520906850365
2018-02-01,Earthquake,City,22697.729942520804
2018-02-02,Storm,City,15523.225176738042
2018-02-03,Storm,City,15986.687893523374
2018-02-04,Flood,Suburb,17835.222712108873
2018-02-05,Earthquake,Rural,22335.542423147515
2018-02-06,Earthquake,Suburb,22442.208708029506
2018-02-07,Earthquake,Suburb,22371.250811000813
2018-02-08,Flood,City,17806.36340535018
2018-02-09,Earthquake,City,22535.999497745386
2018-02-10,Flood,City,17436.56436756507
2018-02-11,Flood,Suburb,17376.84674312036
2018-02-12,Earthquake,City,22614.558661979347
2018-02-13,Earthquake,City,22899.5790974068
2018-02-14,Earthquake,City,22777.043473072084
2018-02-15,Flood,City,17719.5620626652
2018-02-16,Storm,City,15712.95250597889
2018-02-17,Flood,City,17630.231480565446
2018-02-18,Earthquake,City,22728.852841315496
2018-02-19,Earthquake,City,22736.377070494214
2018-02-20,Storm,City,15953.627998779677
2018-02-21,Flood,Suburb,17454.749284540052
2018-02-22,Flood,City,17967.935064594865
2018-02-23,Earthquake,City,22847.62724659066
2018-02-24,Storm,City,15567.86232139507
2018-02-25,Flood,City,17720.52694627649
2018-02-26,Earthquake,City,22591.78312403748
2018-02-27,Earthquake,City,22552.563788002826
2018-02-28,Flood,Rural,17150.026709807433
2018-03-01,Earthquake,City,22729.990006255586
2018-03-02,Earthquake,Suburb,22657.872433783057
2018-03-03,Flood,Suburb,17588.74937316246
2018-03-04,Flood,City,17856.94073803288
2018-03-05,Storm,City,15787.614530456376
2018-03-06,Earthquake,City,22651.442455632918
2018-03-07,Flood,City,17784.705036327796
2018-03-08,Earthquake,City,22687.351743117273
2018-03-09,Storm,City,15800.556654661415
2018-03-10,Flood,Suburb,17609.37091681924
2018-03-11,Flood,City,18016.506378688708
2018-03-12,Flood,City,17896.04176351162
2018-03-13,Earthquake,Rural,22381.464243222297
2018-03-14,Flood,City,17844.532830470467
2018-03-15,Flood,Suburb,17788.24100416652
2018-03-16,Earthquake,Suburb,22625.17882651592
2018-03-17,Flood,Suburb,17749.12157630441
2018-03-18,Earthquake,City,22880.60311895464
2018-03-19,Flood,City,17679.448578187345
2018-03-20,Flood,City,17744.894885595695
2018-03-21,Earthquake,Suburb,22559.61726145364
2018-03-22,Earthquake,City,22921.13199810259
2018-03-23,Earthquake,City,22670.84727212073
2018-03-24,Earthquake,Rural,22342.493117846403
2018-03-25,Flood,Suburb,17481.19542147789
2018-03-26,Flood,City,17917.73936958972
2018-03-27,Earthquake,Suburb,22671.88245034636
2018-03-28,Earthquake,Rural,22263.29333022335
2018-03-29,Flood,City,17755.1123353323
2018-03-30,Earthquake,City,22746.20734763847
2018-03-31,Flood,City,17800.70543669661
2018-04-01,Earthquake,City,22558.530698225553
2018-04-02,Storm,City,15763.450066848009
2018-04-03,Storm,Rural,15294.494774281484
2018-04-04,Storm,Suburb,15523.727456855355
2018-04-05,Storm,Suburb,15801.641383124472
2018-04-06,Earthquake,City,22948.052793633564
2018-04-07,Earthquake,Rural,22403.553496177294
2018-04-08,Storm,City,15713.498839166246
2018-04-09,Earthquake,Suburb,22354.8424823104
2018-04-10,Earthquake,Rural,22240.290629116298
2018-04-11,Flood,Suburb,17480.327304975992
2018-04-12,Earthquake,Suburb,22630.36150287813
2018-04-13,Earthquake,City,22656.626565788847
2018-04-14,Earthquake,City,22760.296002937015
2018-04-15,Flood,Rural,17418.190785811927
2018-04-16,Storm,Suburb,15508.134351547065
2018-04-17,Earthquake,Suburb,22497.74228097398
2018-04-18,Flood,City,17686.385437607274
2018-04-19,Earthquake,Suburb,22369.55816283785
2018-04-20,Storm,City,15723.06174420937
2018-04-21,Earthquake,City,22741.351678001673
2018-04-22,Earthquake,City,22606.86317828726
2018-04-23,Earthquake,Suburb,22658.350702354724
2018-04-24,Flood,City,17670.30739969921
2018-04-25,Earthquake,Rural,22255.06465351527
2018-04-26,Storm,Suburb,15748.48326155259
2018-04-27,Earthquake,City,22653.40343956815
2018-04-28,Earthquake,City,22595.286292251825
2018-04-29,Earthquake,Suburb,22795.999705044884
2018-04-30,Earthquake,Rural,22217.675609461938
2018-05-01,Earthquake,Rural,22291.945155075104
2018-05-02,Earthquake,City,22813.825729132208
2018-05-03,Storm,City,15326.46578150327
2018-05-04,Earthquake,Suburb,22361.545280388174
2018-05-05,Storm,City,15510.25182401282
2018-05-06,Flood,City,17568.681864314614
2018-05-07,Earthquake,City,22535.04098488815
2018-05-08,Earthquake,Suburb,22477.927901417173
2018-05-09,Earthquake,City,22417.90180802426
2018-05-10,Flood,City,17426.03851631092
2018-05-11,Earthquake,City,22386.16254497155
2018-05-12,Earthquake,City,22333.558731276833
2018-05-13,Earthquake,City,22459.748373558396
2018-05-14,Earthquake,City,22580.69892581916
2018-05-15,Earthquake,Suburb,22446.215882135035
2018-05-16,Earthquake,Suburb,22592.44687446267
2018-05-17,Storm,Suburb,15212.090241050784
2018-05-18,Flood,City,17621.498462746862
2018-05-19,Earthquake,City,22524.23211449608
2018-05-20,Earthquake,City,23048.790281619225
2018-05-21,Earthquake,City,22745.00860078482
2018-05-22,Flood,Suburb,17355.25964832667
2018-05-23,Earthquake,City,22530.24214416209
2018-05-24,Earthquake,Suburb,22218.961036467612
2018-05-25,Earthquake,City,22413.148521668925
2018-05-26,Earthquake,City,22565.050301271312
2018-05-27,Earthquake,Suburb,22538.120783640374
2018-05-28,Flood,City,17665.296070455657
2018-05-29,Earthquake,Suburb,22231.75041209132
2018-05-30,Earthquake,City,22614.698106356154
2018-05-31,Earthquake,City,22799.879232360858
2018-06-01,Flood,City,17491.23920355099
2018-06-02,Earthquake,City,22205.320430247724
2018-06-03,Earthquake,City,22439.49786194926
2018-06-04,Storm,Suburb,15474.684004242476
2018-06-05,Earthquake,City,22361.5484332625
2018-06-06,Flood,Suburb,17208.51918130704
2018-06-07,Storm,City,15402.421579634827
2018-06-08,Flood,Suburb,17144.599882765975
2018-06-09,Earthquake,City,22451.999585644677
2018-06-10,Flood,Suburb,17190.112829050868
2018-06-11,Earthquake,City,22352.228054302588
2018-06-12,Earthquake,Suburb,22243.6820496495
2018-06-13,Storm,Rural,14982.47600360503
2018-06-14,Storm,Suburb,15028.534193895515
2018-06-15,Flood,City,17487.3039818851
2018-06-16,Flood,City,17403.71659674739
2018-06-17,Storm,Rural,14854.30964946014
2018-06-18,Storm,Rural,14742.988851642001
2018-06-19,Earthquake,City,22336.168357621613
2018-06-20,Storm,City,15333.063150347105
2018-06-21,Earthquake,City,22376.75974422951
2018-06-22,Storm,City,15457.702251848272
2018-06-23,Earthquake,City,22381.247864808694
2018-06-24,Flood,Suburb,17102.03844389788
2018-06-25,Earthquake,City,22378.444021532338
2018-06-26,Flood,City,17360.90776015583
2018-06-27,Earthquake,City,22312.872752716434
2018-06-28,Flood,City,17609.28821338685
2018-06-29,Earthquake,City,22250.764101741715
2018-06-30,Flood,City,17276.237662985906
2018-07-01,Flood,City,17513.440954289206
2018-07-02,Earthquake,City,22215.543703361203
2018-07-03,Flood,Suburb,17263.412693708964
2018-07-04,Earthquake,Suburb,22208.87084085745
2018-07-05,Earthquake,Suburb,21896.621278039194
2018-07-06,Earthquake,City,22397.135835026318
2018-07-07,Earthquake,Suburb,22239.612576232983
2018-07-08,Storm,City,15323.01738594962
2018-07-09,Earthquake,Suburb,22275.524931048058
2018-07-10,Earthquake,City,22391.180387718832
2018-07-11,Flood,City,17338.83178212821
2018-07-12,Storm,Rural,14969.9890334372
2018-07-13,Flood,Rural,16872.83786938431
2018-07-14,Earthquake,City,22434.78095040465
2018-07-15,Flood,Rural,16904.034605363926
2018-07-16,Earthquake,Suburb,22113.493122739554
2018-07-17,Earthquake,Suburb,22088.321936669287
2018-07-18,Storm,City,15323.741863786454
2018-07-19,Earthquake,Suburb,22164.694491562306
2018-07-20,Earthquake,City,22159.26236596264
2018-07-21,Earthquake,Rural,21992.208729086295
2018-07-22,Storm,Rural,14939.86451640908
2018-07-23,Storm,Rural,15039.412433587311
2018-07-24,Storm,Suburb,15235.886690725176
2018-07-25,Earthquake,Suburb,22191.258710664268
2018-07-26,Flood,City,17599.0187019445
2018-07-27,Flood,Suburb,17000.36163552863
2018-07-28,Earthquake,Suburb,22237.659900134804
2018-07-29,Flood,Suburb,17127.145851056484
2018-07-30,Earthquake,Suburb,21994.473390465828
2018-07-31,Earthquake,City,22381.671698067035
2018-08-01,Flood,City,17441.280400251035
2018-08-02,Earthquake,Suburb,22452.502258234723
2018-08-03,Earthquake,Suburb,22183.490206686318
2018-08-04,Earthquake,Rural,22175.60190788542
2018-08-05,Storm,City,15508.39177324162
2018-08-06,Earthquake,City,22392.289298060394
2018-08-07,Earthquake,Suburb,22340.11742920218
2018-08-08,Flood,City,17317.566783847444
2018-08-09,Earthquake,City,22540.446698496828
2018-08-10,Flood,Suburb,17254.902041751076
2018-08-11,Earthquake,City,22668.996644256706
2018-08-12,Earthquake,Suburb,22336.509630193803
2018-08-13,Storm,Suburb,15388.824138492146
2018-08-14,Earthquake,Suburb,22239.679718410345
2018-08-15,Earthquake,City,22270.141507010827
2018-08-16,Earthquake,Suburb,22584.903468550812
2018-08-17,Storm,City,15430.58476761643
2018-08-18,Earthquake,Rural,21763.846087278333
2018-08-19,Earthquake,City,22621.00767567808
2018-08-20,Earthquake,City,22541.75202193693
2018-08-21,Flood,City,17387.59828558236
2018-08-22,Flood,Suburb,17097.72738372196
2018-08-23,Earthquake,Rural,21993.15947234565
2018-08-24,Storm,City,15413.816322432425
2018-08-25,Earthquake,Rural,22049.89514112961
2018-08-26,Earthquake,City,22521.368209302243
2018-08-27,Flood,City,17524.829197409017
2018-08-28,Earthquake,Suburb,22186.99101348213
2018-08-29,Earthquake,City,22184.729458755523
2018-08-30,Flood,City,17265.476632343853
2018-08-31,Flood,Suburb,16982.494236008515
2018-09-01,Storm,City,15588.538713437409
2018-09-02,Flood,City,17636.611721560326
2018-09-03,Earthquake,Rural,21949.944597550995
2018-09-04,Earthquake,City,22752.617179388057
2018-09-05,Earthquake,Suburb,22072.956510852462
2018-09-06,Flood,City,17519.533710422656
2018-09-07,Flood,City,17434.865058084826
2018-09-08,Earthquake,Suburb,22448.37079539662
2018-09-09,Earthquake,Rural,22245.619050228594
2018-09-10,Storm,City,15361.66595381833
2018-09-11,Earthquake,Suburb,22269.310533046868
2018-09-12,Earthquake,Suburb,22457.809159010307
2018-09-13,Flood,City,17378.210508873362
2018-09-14,Earthquake,City,22456.648169955042
2018-09-15,Storm,City,15623.248069856278
2018-09-16,Earthquake,Rural,22167.886892655613
2018-09-17,Earthquake,City,22659.081443143645
2018-09-18,Earthquake,Suburb,22440.423497521046
2018-09-19,Earthquake,City,22400.39084643042
2018-09-20,Earthquake,City,22576.84496295512
2018-09-21,Earthquake,Suburb,22333.290265783795
2018-09-22,Earthquake,City,22213.19257942883
2018-09-23,Earthquake,City,22441.315890311187
2018-09-24,Storm,City,15577.819299333936
2018-09-25,Storm,City,15531.98412849753
2018-09-26,Earthquake,City,22461.07992812438
2018-09-27,Storm,City,15571.737698964049
2018-09-28,Earthquake,City,22455.14774589009
2018-09-29,Flood,City,17453.615895067273
2018-09-30,Flood,Suburb,17303.237951946292
2018-10-01,Flood,Suburb,17260.437189535332
2018-10-02,Earthquake,Rural,21919.424925612853
2018-10-03,Earthquake,City,22563.59018232611
2018-10-04,Earthquake,Suburb,22144.67543217018
2018-10-05,Flood,Rural,17013.163309680294
2018-10-06,Flood,City,17377.7761788627
2018-10-07,Earthquake,Suburb,22026.377513774125
2018-10-08,Flood,Suburb,17018.346238257003
2018-10-09,Flood,Suburb,17308.389364212206
2018-10-10,Earthquake,City,22546.62952818863
2018-10-11,Earthquake,City,22750.30223823664
2018-10-12,Earthquake,City,22423.806551960955
2018-10-13,Earthquake,Suburb,22179.478930186116
2018-10-14,Earthquake,City,22412.524328610165
2018-10-15,Earthquake,City,22414.237615252077
2018-10-16,Earthquake,City,22598.305639605664
2018-10-17,Earthquake,Rural,22101.014585793015
2018-10-18,Storm,Rural,15287.801446890264
2018-10-19,Earthquake,City,22614.085426877566
2018-10-20,Earthquake,Suburb,22193.341522568157
2018-10-21,Earthquake,City,22443.689216221293
2018-10-22,Storm,Suburb,15196.772660415281
2018-10-23,Earthquake,City,22556.249749139497
2018-10-24,Earthquake,City,22226.049761137278
2018-10-25,Earthquake,City,22566.695690414872
2018-10-26,Earthquake,City,22458.089086889984
2018-10-27,Flood,City,17569.838872433207
2018-10-28,Storm,Suburb,15275.250390541232
2018-10-29,Earthquake,Suburb,22329.9527346661
2018-10-30,Earthquake,Suburb,22188.115084035537
2018-10-31,Storm,Suburb,15167.23901827025
2018-11-01,Flood,City,17566.6217712005
2018-11-02,Earthquake,City,22562.40783391285
2018-11-03,Storm,City,15569.758164428227
2018-11-04,Flood,City,17357.504960242197
2018-11-05,Earthquake,Suburb,21968.113651273903
2018-11-06,Earthquake,Rural,21879.412209122125
2018-11-07,Flood,Rural,17032.83721468591
2018-11-08,Flood,City,17449.70037431683
2018-11-09,Flood,City,17395.13359438562
2018-11-10,Earthquake,City,22428.043528361643
2018-11-11,Flood,City,17226.306518808826
2018-11-12,Flood,City,17313.868849522165
2018-11-13,Storm,City,15450.856952625956
2018-11-14,Flood,City,17522.142286555863
2018-11-15,Flood,City,17561.17364117473
2018-11-16,Flood,City,17572.993779556884
2018-11-17,Earthquake,Suburb,22155.072737252027
2018-11-18,Storm,City,15316.119612380518
2018-11-19,Earthquake,City,22202.055240062327
2018-11-20,Flood,City,17409.39573508748
2018-11-21,Earthquake,City,22495.156749876016
2018-11-22,Earthquake,City,22304.897010363005
2018-11-23,Storm,City,15333.365674361137
2018-11-24,Earthquake,City,22278.52938305728
2018-11-25,Earthquake,City,22511.832392103384
2018-11-26,Flood,City,17419.501325367677
2018-11-27,Flood,Suburb,17228.081600290097
2018-11-28,Flood,City,17311.188951089043
2018-11-29,Flood,City,17456.685128005454
2018-11-30,Earthquake,Rural,21999.294347178486
2018-12-01,Flood,Rural,16824.991642824603
2018-12-02,Earthquake,City,22199.5352943491
2018-12-03,Earthquake,Rural,22232.494648568743
2018-12-04,Flood,Suburb,17281.86701714771
2018-12-05,Earthquake,Suburb,22307.86292621064
2018-12-06,Flood,City,17196.09920746608
2018-12-07,Earthquake,City,22377.226136069516
2018-12-08,Earthquake,City,22288.961605399858
2018-12-09,Earthquake,City,22320.390863696903
2018-12-10,Earthquake,Suburb,22352.230187452184
2018-12-11,Earthquake,City,22192.61892439501
2018-12-12,Storm,City,15397.359725166212
2018-12-13,Flood,City,17422.29354844371
2018-12-14,Earthquake,Rural,21908.21095780822
2018-12-15,Flood,City,17383.007152409864
2018-12-16,Earthquake,City,22395.441224354603
2018-12-17,Flood,City,17329.489670532577
2018-12-18,Storm,City,15473.983454822619
2018-12-19,Earthquake,City,22419.644736093913
2018-12-20,Storm,City,15237.99836410584
2018-12-21,Storm,Suburb,15030.007928643734
2018-12-22,Flood,City,17592.999468401493
2018-12-23,Earthquake,Rural,21855.071420787957
2018-12-24,Earthquake,Suburb,22127.26344174094
2018-12-25,Earthquake,Rural,22196.889593328004
2018-12-26,Flood,City,17512.048791981295
2018-12-27,Earthquake,Suburb,22142.008063358484
2018-12-28,Earthquake,City,22433.67809971132
2018-12-29,Flood,City,17345.160869982614
2018-12-30,Earthquake,Suburb,22106.693165341738
2018-12-31,Earthquake,City,22395.69008650758
2019-01-01,Storm,City,15494.635693021195
2019-01-02,Storm,City,15694.52642583261
2019-01-03,Flood,City,17710.0692175154
2019-01-04,Earthquake,City,22320.844195008212
2019-01-05,Earthquake,Rural,22121.825882970144
2019-01-06,Storm,City,15407.359587777579
2019-01-07,Storm,City,15409.746731096135
2019-01-08,Storm,City,15606.307603800178
2019-01-09,Storm,Rural,15044.675844853282
2019-01-10,Earthquake,Suburb,22434.22708153813
2019-01-11,Storm,City,15547.976955853805
2019-01-12,Earthquake,City,22750.972640602973
2019-01-13,Earthquake,City,22485.133704049676
2019-01-14,Earthquake,City,22734.92473612989
2019-01-15,Earthquake,Suburb,22305.059547713565
2019-01-16,Flood,Rural,17040.29741960045
2019-01-17,Earthquake,Rural,22197.356654374657
2019-01-18,Flood,City,17523.112111833092
2019-01-19,Earthquake,Suburb,22705.190101201053
2019-01-20,Flood,Suburb,17174.1425332102
2019-01-21,Earthquake,Suburb,22438.282467755183
2019-01-22,Storm,Suburb,15403.48148878483
2019-01-23,Storm,City,15498.223372141472
2019-01-24,Flood,City,17673.48920239331
2019-01-25,Earthquake,Suburb,22429.4706427778
2019-01-26,Flood,City,18000.57760072862
2019-01-27,Earthquake,Suburb,22316.09423975967
2019-01-28,Flood,Suburb,17420.907419790987
2019-01-29,Flood,City,17652.642715758848
2019-01-30,Flood,Rural,17312.64918260667
2019-01-31,Storm,Rural,15579.056313698044
2019-02-01,Earthquake,Rural,22318.773349218667
2019-02-02,Storm,Suburb,15567.850335273142
2019-02-03,Earthquake,Suburb,22464.89461914786
2019-02-04,Earthquake,Suburb,22539.59073380704
2019-02-05,Earthquake,City,22509.08295671519
2019-02-06,Flood,City,17768.010186570667
2019-02-07,Earthquake,Suburb,22661.759019615896
2019-02-08,Storm,City,15771.229633025836
2019-02-09,Earthquake,City,22709.412632285097
2019-02-10,Earthquake,Suburb,22407.34844263326
2019-02-11,Earthquake,City,22604.59294092824
2019-02-12,Earthquake,City,22564.700632310734
2019-02-13,Flood,City,17915.833155314554
2019-02-14,Earthquake,City,22686.224010127706
2019-02-15,Earthquake,City,22632.810311746427
2019-02-16,Earthquake,City,22925.37534657855
2019-02-17,Earthquake,Suburb,22796.207925556606
2019-02-18,Flood,City,17569.68608723299
2019-02-19,Earthquake,Suburb,22511.319427885188
2019-02-20,Storm,Rural,15081.638443938831
2019-02-21,Earthquake,Suburb,22492.445173618577
2019-02-22,Earthquake,Suburb,22462.500788666173
2019-02-23,Earthquake,City,22670.56709455701
2019-02-24,Flood,City,17854.93613587749
2019-02-25,Storm,City,15912.583121699314
2019-02-26,Flood,City,17922.416639935018
2019-02-27,Earthquake,Rural,22202.881959236423
2019-02-28,Flood,City,17575.888951095214
2019-03-01,Earthquake,City,22616.588820174387
2019-03-02,Earthquake,Rural,22279.295457009393
2019-03-03,Earthquake,Suburb,22562.306548020035
2019-03-04,Earthquake,Suburb,22687.45351511847
2019-03-05,Flood,City,17535.85366772809
2019-03-06,Flood,City,17717.87916900972
2019-03-07,Earthquake,City,22577.619339770707
2019-03-08,Flood,Suburb,17651.43029436015
2019-03-09,Earthquake,City,22907.163789995517
2019-03-10,Earthquake,Rural,22164.595501567914
2019-03-11,Earthquake,Suburb,22495.13314342883
2019-03-12,Earthquake,City,22631.632324094546
2019-03-13,Earthquake,City,22790.451635501202
2019-03-14,Flood,City,17926.24544881884
2019-03-15,Flood,City,17859.980878782746
2019-03-16,Flood,City,17824.300688768864
2019-03-17,Storm,City,15806.201081343921
2019-03-18,Earthquake,City,22987.05440886824
2019-03-19,Storm,City,15660.186501029897
2019-03-20,Earthquake,Suburb,22582.52668508027
2019-03-21,Earthquake,Suburb,22626.40112890409
2019-03-22,Earthquake,Rural,22594.500856695056
2019-03-23,Earthquake,City,23083.542975302687
2019-03-24,Flood,City,17765.48142687856
2019-03-25,Flood,City,17621.286969233624
2019-03-26,Earthquake,Suburb,22228.121568780563
2019-03-27,Flood,City,17824.727937113337
2019-03-28,Flood,Suburb,17501.895253696435
2019-03-29,Flood,Rural,17057.074169363863
2019-03-30,Earthquake,Suburb,22652.83181751431
2019-03-31,Earthquake,Rural,22428.971829579612
2019-04-01,Earthquake,Suburb,22462.884722151215
2019-04-02,Flood,City,17521.779846983933
2019-04-03,Flood,City,17760.00664594102
2019-04-04,Earthquake,Suburb,22536.714751698142
2019-04-05,Earthquake,City,22692.653423227654
2019-04-06,Flood,City,17538.48785868746
2019-04-07,Earthquake,Suburb,22473.48519695905
2019-04-08,Earthquake,Suburb,22652.15890458704
2019-04-09,Storm,City,15804.793775463744
2019-04-10,Earthquake,Suburb,22896.058593964248
2019-04-11,Earthquake,City,22717.033310402272
2019-04-12,Flood,Rural,17296.827161355886
2019-04-13,Earthquake,City,22868.50390109956
2019-04-14,Flood,Suburb,17309.208629707515
2019-04-15,Earthquake,City,22896.884638458323
2019-04-16,Earthquake,City,22706.70858343156
2019-04-17,Flood,City,18021.21033793856
2019-04-18,Earthquake,Rural,22104.445843033776
2019-04-19,Earthquake,City,22690.505212656448
2019-04-20,Storm,Suburb,15734.014336473327
2019-04-21,Flood,Suburb,17948.21017272296
2019-04-22,Earthquake,City,22843.514618245536
2019-04-23,Flood,City,17636.619966375776
2019-04-24,Storm,City,15850.24012790825
2019-04-25,Earthquake,Rural,22354.962321407234
2019-04-26,Earthquake,Rural,22460.092818317084
2019-04-27,Earthquake,City,22609.270453092795
2019-04-28,Earthquake,City,22605.01317082861
2019-04-29,Flood,City,17818.83122939629
2019-04-30,Earthquake,City,22511.410446990645
2019-05-01,Earthquake,City,22684.990352798086
2019-05-02,Storm,City,15550.887601127992
2019-05-03,Flood,Rural,17212.27500256203
2019-05-04,Earthquake,Suburb,22705.344984697032
2019-05-05,Flood,City,17483.79944832489
2019-05-06,Storm,Suburb,15397.28116333809
2019-05-07,Earthquake,City,22526.22205044199
2019-05-08,Earthquake,City,22571.733591976343
2019-05-09,Flood,City,17555.763014741355
2019-05-10,Earthquake,Suburb,22362.350406531037
2019-05-11,Storm,City,15412.929152921377
2019-05-12,Earthquake,Suburb,22347.866309525725
2019-05-13,Flood,Suburb,17279.686685027307
2019-05-14,Flood,Rural,17162.97251202332
2019-05-15,Earthquake,Suburb,22829.63219148428
2019-05-16,Earthquake,City,22585.022392632465
2019-05-17,Flood,City,17666.69200022387
2019-05-18,Earthquake,City,22587.70595112418
2019-05-19,Earthquake,City,22763.83477816276
2019-05-20,Storm,City,15424.806236894265
2019-05-21,Earthquake,City,22576.37191788356
2019-05-22,Flood,Suburb,17327.90945386761
2019-05-23,Earthquake,Suburb,22383.697926520992
2019-05-24,Flood,City,17806.056118130928
2019-05-25,Earthquake,Suburb,22463.249418585805
2019-05-26,Earthquake,City,22536.016246060783
2019-05-27,Storm,City,15414.687293230503
2019-05-28,Flood,Suburb,17596.430185077956
2019-05-29,Flood,Suburb,17399.260644047525
2019-05-30,Earthquake,City,22665.634068171148
2019-05-31,Earthquake,Suburb,22361.612833241445
2019-06-01,Earthquake,City,22478.007850551367
2019-06-02,Earthquake,City,22564.999565688915
2019-06-03,Flood,City,17755.938187051142
2019-06-04,Earthquake,City,22286.376456636302
2019-06-05,Flood,City,17396.884046543284
2019-06-06,Earthquake,City,22312.474846140383
2019-06-07,Earthquake,Suburb,22319.48182522191
2019-06-08,Earthquake,City,22361.268920167226
2019-06-09,Flood,City,17609.395701280868
2019-06-10,Earthquake,Suburb,22075.568949072276
2019-06-11,Flood,City,17319.284943106206
2019-06-12,Earthquake,Rural,21916.160801139544
2019-06-13,Flood,Suburb,17133.5698749244
2019-06-14,Earthquake,Rural,22008.783799233173
2019-06-15,Flood,City,17442.96269306137
2019-06-16,Storm,Suburb,15822.377276988454
2019-06-17,Earthquake,City,22840.844384073644
2019-06-18,Flood,Suburb,17267.782949814013
2019-06-19,Flood,City,17455.899155516836
2019-06-20,Earthquake,City,22485.01949044451
2019-06-21,Earthquake,Suburb,22284.944230408044
2019-06-22,Earthquake,Suburb,22189.692719238967
2019-06-23,Flood,City,17300.769225572392
2019-06-24,Flood,City,17302.921485696515
2019-06-25,Flood,City,17770.18341243015
2019-06-26,Storm,City,15352.928430121352
2019-06-27,Earthquake,City,22271.235691998885
2019-06-28,Earthquake,City,22363.12917326782
2019-06-29,Earthquake,Suburb,22194.585675891947
2019-06-30,Earthquake,City,22191.778842550004
2019-07-01,Earthquake,Rural,21975.768039498907
2019-07-02,Earthquake,Suburb,22056.332092489032
2019-07-03,Earthquake,Rural,21930.587223982893
2019-07-04,Earthquake,Suburb,22185.16716587743
2019-07-05,Flood,Suburb,17217.62309414945
2019-07-06,Storm,City,15313.326577620006
2019-07-07,Flood,City,17261.01563127312
2019-07-08,Storm,City,15294.817245672099
2019-07-09,Storm,Suburb,15088.665863345905
2019-07-10,Earthquake,City,22224.561748018798
2019-07-11,Earthquake,City,22380.34156556153
2019-07-12,Earthquake,Suburb,22405.10595379457
2019-07-13,Flood,City,17099.42724189768
2019-07-14,Flood,City,17270.621186084332
2019-07-15,Earthquake,City,22153.59348032625
2019-07-16,Flood,City,17464.021709629793
2019-07-17,Storm,City,15389.986878286642
2019-07-18,Flood,City,17464.041904236474
2019-07-19,Earthquake,City,22505.175471714385
2019-07-20,Earthquake,City,22381.143327745158
2019-07-21,Storm,City,15439.391623695969
2019-07-22,Earthquake,City,22112.455433093655
2019-07-23,Earthquake,City,22257.118248136096
2019-07-24,Flood,City,17345.630523096428
2019-07-25,Earthquake,Suburb,22094.41410821613
2019-07-26,Earthquake,Suburb,21924.598471109755
2019-07-27,Flood,City,17246.66239079215
2019-07-28,Flood,City,17335.400432068593
2019-07-29,Flood,Suburb,17314.274939255996
2019-07-30,Earthquake,City,22373.227896524586
2019-07-31,Flood,City,17297.441512548976
2019-08-01,Earthquake,Suburb,22134.960199004083
2019-08-02,Flood,Suburb,17263.189960798496
2019-08-03,Earthquake,City,22457.77734010378
2019-08-04,Flood,Suburb,17304.655471634014
2019-08-05,Storm,City,15430.003397732115
2019-08-06,Earthquake,City,22521.658145253215
2019-08-07,Earthquake,City,22591.223510254065
2019-08-08,Storm,Suburb,15171.191430530738
2019-08-09,Storm,City,15331.467582228988
2019-08-10,Flood,Rural,16983.68148335753
2019-08-11,Flood,Suburb,17226.327908097504
2019-08-12,Flood,Suburb,17315.398214849567
2019-08-13,Earthquake,City,22661.90153011747
2019-08-14,Earthquake,City,22502.791076178397
2019-08-15,Storm,City,15336.957379092617
2019-08-16,Storm,City,15684.974601713731
2019-08-17,Earthquake,City,22387.016657456246
2019-08-18,Earthquake,City,22380.844716968215
2019-08-19,Storm,City,15436.938638920097
2019-08-20,Earthquake,Suburb,21986.453050823213
2019-08-21,Storm,City,15568.943152297608
2019-08-22,Earthquake,Suburb,22402.42632456913
2019-08-23,Earthquake,City,22586.660150838223
2019-08-24,Storm,City,15458.571030796684
2019-08-25,Earthquake,City,22565.31281942449
2019-08-26,Flood,City,17607.176556664657
2019-08-27,Flood,Suburb,17554.350954788042
2019-08-28,Earthquake,City,22750.070445267203
2019-08-29,Storm,City,15466.196805640813
2019-08-30,Earthquake,City,22507.118122582164
2019-08-31,Earthquake,City,22665.241385541427
2019-09-01,Storm,City,15697.425586902995
2019-09-02,Earthquake,City,22493.187081941483
2019-09-03,Storm,City,15593.560261705356
2019-09-04,Earthquake,Suburb,22085.865026733183
2019-09-05,Earthquake,City,22283.638380702625
2019-09-06,Storm,Suburb,15471.845618273372
2019-09-07,Earthquake,City,22339.929862441502
2019-09-08,Flood,Suburb,17109.461590414063
2019-09-09,Earthquake,Rural,22186.702104114447
2019-09-10,Storm,Suburb,15223.475972304763
2019-09-11,Earthquake,City,22373.278315280277
2019-09-12,Earthquake,Suburb,22391.04633435122
2019-09-13,Earthquake,Suburb,22333.019624882294
2019-09-14,Earthquake,Suburb,22401.52778164789
2019-09-15,Flood,City,17540.227998138926
2019-09-16,Storm,City,15441.413562092159
2019-09-17,Earthquake,Suburb,22407.8006080178
2019-09-18,Flood,City,17529.13496985402
2019-09-19,Earthquake,City,22458.117257161815
2019-09-20,Storm,Suburb,15312.417369885552
2019-09-21,Earthquake,City,22504.98075973392
2019-09-22,Flood,Suburb,17425.605518880886
2019-09-23,Storm,Suburb,15374.494853173446
2019-09-24,Storm,City,15619.005398588279
2019-09-25,Earthquake,Rural,22100.503248295663
2019-09-26,Earthquake,City,22505.438480646546
2019-09-27,Earthquake,City,22616.126596145234
2019-09-28,Flood,City,17558.53645927601
2019-09-29,Flood,Suburb,17324.938349447642
2019-09-30,Flood,Suburb,17558.839888103492
2019-10-01,Earthquake,City,22380.469064549623
2019-10-02,Storm,Suburb,15108.117122022828
2019-10-03,Earthquake,Suburb,22399.90204657585
2019-10-04,Flood,City,17544.549772685834
2019-10-05,Earthquake,City,22473.999909839284
2019-10-06,Earthquake,City,22409.323314281937
2019-10-07,Earthquake,City,22587.158797712575
2019-10-08,Storm,Suburb,15203.264455641069
2019-10-09,Earthquake,City,22462.289891208424
2019-10-10,Earthquake,Rural,22026.26096815998
2019-10-11,Earthquake,Suburb,22102.771823998504
2019-10-12,Earthquake,Rural,21984.72050676508
2019-10-13,Earthquake,Rural,22213.199311606186
2019-10-14,Earthquake,City,22544.12364677886
2019-10-15,Flood,Rural,16960.222867972672
2019-10-16,Storm,City,15327.560650572565
2019-10-17,Storm,City,15616.59615253364
2019-10-18,Flood,City,17518.943719316623
2019-10-19,Storm,Suburb,15410.824250479456
2019-10-20,Flood,City,17593.33022945039
2019-10-21,Earthquake,City,22592.036150514745
2019-10-22,Flood,Suburb,17228.7422963165
2019-10-23,Flood,City,17622.571401032303
2019-10-24,Flood,City,17342.019117574724
2019-10-25,Earthquake,City,22557.59452145251
2019-10-26,Earthquake,City,22525.554708994558
2019-10-27,Earthquake,City,22519.784047141362
2019-10-28,Earthquake,Suburb,22171.053375441974
2019-10-29,Earthquake,Suburb,22244.93376167664
2019-10-30,Earthquake,Suburb,22336.859685758776
2019-10-31,Flood,City,17433.09334353264
2019-11-01,Earthquake,City,22214.716880683533
2019-11-02,Flood,Suburb,17339.997453345884
2019-11-03,Earthquake,City,22184.19926394327
2019-11-04,Flood,City,17401.474194765353
2019-11-05,Earthquake,City,22293.501313763714
2019-11-06,Flood,City,17329.443293241737
2019-11-07,Storm,City,15436.769602390717
2019-11-08,Earthquake,Suburb,22242.213718341165
2019-11-09,Storm,Suburb,15175.951363615808
2019-11-10,Storm,City,15531.287842985168
2019-11-11,Earthquake,Rural,21915.781816167655
2019-11-12,Flood,City,17263.80586904721
2019-11-13,Earthquake,City,22405.63541274169
2019-11-14,Earthquake,Rural,21965.171397196846
2019-11-15,Flood,Suburb,17084.195173293785
2019-11-16,Earthquake,City,22330.435293647784
2019-11-17,Earthquake,Suburb,22144.638994256875
2019-11-18,Earthquake,Rural,22130.659588994025
2019-11-19,Earthquake,Rural,21956.548993099685
2019-11-20,Earthquake,City,22344.59001034493
2019-11-21,Earthquake,City,22345.901787518997
2019-11-22,Earthquake,City,22528.865415932913
2019-11-23,Storm,Rural,15037.052527461972
2019-11-24,Earthquake,Suburb,22127.376767753056
2019-11-25,Flood,City,17279.564144477594
2019-11-26,Earthquake,City,22187.251921907224
2019-11-27,Flood,City,17453.668916727278
2019-11-28,Flood,City,17504.673557784005
2019-11-29,Earthquake,City,22363.85206584926
2019-11-30,Storm,City,15389.294973663324
2019-12-01,Earthquake,City,22248.157376215222
2019-12-02,Earthquake,City,22217.564363991816
2019-12-03,Earthquake,Suburb,22059.94589026956
2019-12-04,Flood,City,17284.688524300876
2019-12-05,Earthquake,City,22264.411253461167
2019-12-06,Storm,City,15237.704805947093
2019-12-07,Flood,City,17705.985786082434
2019-12-08,Earthquake,City,22332.412269967135
2019-12-09,Earthquake,City,22470.45207226287
2019-12-10,Earthquake,City,22198.211330118338
2019-12-11,Storm,City,15310.16358974645
2019-12-12,Earthquake,City,22494.34678006073
2019-12-13,Earthquake,Suburb,22081.609952443483
2019-12-14,Earthquake,City,22523.595571369784
2019-12-15,Earthquake,Suburb,22187.30018974415
2019-12-16,Earthquake,City,22235.991235670375
2019-12-17,Earthquake,City,22644.036933001214
2019-12-18,Storm,City,15582.432501070543
2019-12-19,Storm,Suburb,15479.394800821574
2019-12-20,Flood,Suburb,17251.864021043013
2019-12-21,Storm,City,15576.57739245377
2019-12-22,Flood,City,17528.157928089757
2019-12-23,Earthquake,City,22477.03113569592
2019-12-24,Earthquake,Suburb,22151.8290890838
2019-12-25,Earthquake,City,22336.140685094542
2019-12-26,Earthquake,City,22306.647918574698
2019-12-27,Earthquake,City,22579.51903527174
2019-12-28,Earthquake,Suburb,22050.98451689733
2019-12-29,Earthquake,Suburb,22372.34751781543
2019-12-30,Flood,City,17350.28050202117
2019-12-31,Earthquake,City,22380.85821278249
2020-01-01,Storm,City,15559.556424872279
2020-01-02,Flood,Suburb,17285.66106969966
2020-01-03,Flood,City,17634.304778973543
2020-01-04,Flood,City,17634.403410860356
2020-01-05,Flood,Suburb,17319.061243484302
2020-01-06,Flood,City,17697.885022308266
2020-01-07,Storm,City,15313.934080971385
2020-01-08,Earthquake,Suburb,22571.060166770352
2020-01-09,Earthquake,Suburb,22154.144797217752
2020-01-10,Flood,City,17553.60901510659
2020-01-11,Flood,Suburb,17255.428619122642
2020-01-12,Earthquake,City,22478.562938088206
2020-01-13,Earthquake,Rural,22151.648171007684
2020-01-14,Storm,City,15592.660207584357
2020-01-15,Earthquake,City,22551.07251463029
2020-01-16,Earthquake,City,22665.587584379573
2020-01-17,Flood,Suburb,17246.340380388214
2020-01-18,Earthquake,Suburb,22445.634995899392
2020-01-19,Earthquake,Suburb,22437.31389570095
2020-01-20,Earthquake,City,22579.666606458337
2020-01-21,Earthquake,Suburb,22368.35286634815
2020-01-22,Flood,Suburb,17426.22976200032
2020-01-23,Storm,City,15397.788774209084
2020-01-24,Earthquake,Suburb,22393.772639016795
2020-01-25,Flood,City,17366.753009522523
2020-01-26,Storm,City,15531.133082906961
2020-01-27,Earthquake,Suburb,22295.393993653088
2020-01-28,Earthquake,City,22473.781877721653
2020-01-29,Flood,City,17837.770781314644
2020-01-30,Storm,City,15636.211560955053
2020-01-31,Earthquake,Suburb,22352.035122882
2020-02-01,Storm,City,15640.803806416938
2020-02-02,Flood,City,17785.547880672377
2020-02-03,Earthquake,Suburb,22759.192504038278
2020-02-04,Storm,City,15478.321786616103
2020-02-05,Earthquake,City,22587.165970772552
2020-02-06,Earthquake,City,22857.996806281553
2020-02-07,Storm,City,15774.688470044784
2020-02-08,Earthquake,Suburb,22437.3652692943
2020-02-09,Earthquake,City,22737.757183549427
2020-02-10,Flood,City,17697.3785490492
2020-02-11,Storm,City,15852.3637837143
2020-02-12,Flood,Suburb,17231.69346689472
2020-02-13,Flood,City,17718.891718096198
2020-02-14,Earthquake,City,22937.53961487777
2020-02-15,Earthquake,City,22584.341001044017
2020-02-16,Earthquake,City,22711.327986629603
2020-02-17,Earthquake,City,22965.546858049074
2020-02-18,Earthquake,City,22844.806357053403
2020-02-19,Earthquake,Suburb,22533.84940081177
2020-02-20,Earthquake,Suburb,22511.152606154257
2020-02-21,Storm,City,15699.765520212059
2020-02-22,Earthquake,City,22651.592115647552
2020-02-23,Earthquake,Suburb,22461.67844750822
2020-02-24,Flood,City,17706.039172905857
2020-02-25,Storm,City,15719.76198598112
2020-02-26,Earthquake,Rural,22303.254780725158
2020-02-27,Earthquake,City,22570.764216672414
2020-02-28,Flood,City,17720.63651110327
2020-02-29,Storm,City,16017.471654892119
2020-03-01,Earthquake,Suburb,22621.74782470171
2020-03-02,Storm,Rural,15261.014317642108
2020-03-03,Earthquake,City,22608.857323358567
2020-03-04,Storm,City,15736.420682166632
2020-03-05,Earthquake,Suburb,22451.48410434966
2020-03-06,Flood,Suburb,17625.188601361246
2020-03-07,Earthquake,City,22948.487006831878
2020-03-08,Flood,City,17771.95776121536
2020-03-09,Flood,Rural,17324.282408041578
2020-03-10,Storm,Suburb,15569.647130856649
2020-03-11,Earthquake,Suburb,22524.080254029755
2020-03-12,Earthquake,Rural,22375.60737553549
2020-03-13,Earthquake,Suburb,22532.8873162976
2020-03-14,Earthquake,City,22735.386499494474
2020-03-15,Storm,City,15924.5671556314
2020-03-16,Earthquake,City,22772.91307780747
2020-03-17,Flood,City,17996.26428715478
2020-03-18,Earthquake,City,23034.251470046784
2020-03-19,Storm,Rural,15489.947834257631
2020-03-20,Earthquake,City,22624.80201467762
2020-03-21,Storm,City,15949.35118152776
2020-03-22,Earthquake,Suburb,22682.21335972861
2020-03-23,Flood,City,17792.395711907215
2020-03-24,Flood,Suburb,17614.951797324124
2020-03-25,Earthquake,Rural,22457.472674810488
2020-03-26,Flood,Suburb,17604.75943770107
2020-03-27,Earthquake,City,22801.51002108501
2020-03-28,Storm,Rural,15237.149276978369
2020-03-29,Flood,City,17689.28723748457
2020-03-30,Earthquake,Suburb,22463.945283355082
2020-03-31,Earthquake,City,22913.900893223286
2020-04-01,Flood,City,17613.274059597858
2020-04-02,Earthquake,Suburb,22444.96725377814
2020-04-03,Earthquake,City,22759.409587737784
2020-04-04,Storm,Suburb,15485.73485042624
2020-04-05,Earthquake,City,22894.574755908972
2020-04-06,Flood,City,17567.364100421943
2020-04-07,Storm,Suburb,15622.92349504415
2020-04-08,Flood,Suburb,17524.6893024696
2020-04-09,Earthquake,Suburb,22365.956799041345
2020-04-10,Earthquake,Suburb,22416.437936062783
2020-04-11,Earthquake,Suburb,22627.29368693836
2020-04-12,Flood,Suburb,17363.57108598296
2020-04-13,Storm,City,15730.819377016529
2020-04-14,Storm,City,15672.024436976502
2020-04-15,Earthquake,City,22842.353925294345
2020-04-16,Flood,City,17835.90206845552
2020-04-17,Earthquake,Suburb,22540.46094495754
2020-04-18,Storm,City,15706.81160428277
2020-04-19,Earthquake,Suburb,22543.89784117994
2020-04-20,Flood,City,17368.245887655947
2020-04-21,Storm,City,15710.175323768817
2020-04-22,Storm,City,15553.675807097216
2020-04-23,Flood,Suburb,17775.116370412798
2020-04-24,Earthquake,City,22906.59123538241
2020-04-25,Flood,City,17805.64641336694
2020-04-26,Earthquake,City,22690.115651474334
2020-04-27,Storm,City,16360.253494024599
2020-04-28,Storm,City,15579.208360359904
2020-04-29,Storm,Suburb,15479.707868110485
2020-04-30,Flood,City,17559.87133717079
2020-05-01,Earthquake,Suburb,22386.95692260596
2020-05-02,Storm,Rural,15129.894551470143
2020-05-03,Earthquake,Suburb,22292.04474751042
2020-05-04,Storm,Suburb,15284.897137564258
2020-05-05,Storm,Suburb,15250.27690237755
2020-05-06,Flood,Suburb,17262.264410692515
2020-05-07,Flood,Suburb,17551.189910506582
2020-05-08,Earthquake,City,22672.359150033855
2020-05-09,Storm,City,15582.371215436318
2020-05-10,Storm,City,15796.388749300499
2020-05-11,Earthquake,City,22649.91101441509
2020-05-12,Storm,Suburb,15260.081340925053
2020-05-13,Flood,City,17549.38600738722
2020-05-14,Storm,Suburb,15311.774851189148
2020-05-15,Earthquake,City,22581.747443658413
2020-05-16,Flood,City,17595.483284465645
2020-05-17,Earthquake,Suburb,22188.382869857498
2020-05-18,Storm,City,15824.352618032235
2020-05-19,Earthquake,City,22767.225869999053
2020-05-20,Storm,City,15533.554849179756
2020-05-21,Flood,City,17451.528391417214
2020-05-22,Earthquake,City,22595.71374799526
2020-05-23,Earthquake,City,22504.40646827763
2020-05-24,Earthquake,Suburb,22360.7767289076
2020-05-25,Earthquake,City,22521.735079476413
2020-05-26,Flood,Suburb,17412.447633580265
2020-05-27,Earthquake,Suburb,22273.270522883067
2020-05-28,Storm,Rural,15038.276011179803
2020-05-29,Storm,City,15437.900419049276
2020-05-30,Earthquake,Suburb,22351.527411796713
2020-05-31,Earthquake,City,22608.931302764286
2020-06-01,Earthquake,Suburb,22252.797251825108
2020-06-02,Storm,Suburb,15221.610008902957
2020-06-03,Earthquake,Suburb,22417.459312783474
2020-06-04,Earthquake,Suburb,22080.426799618046
2020-06-05,Earthquake,Rural,21936.576826104127
2020-06-06,Earthquake,City,22297.16113605617
2020-06-07,Earthquake,City,22187.220110189544
2020-06-08,Earthquake,Suburb,22275.484433980477
2020-06-09,Earthquake,City,22256.406518678486
2020-06-10,Storm,Suburb,15496.86248665129
2020-06-11,Earthquake,City,22428.583563732365
2020-06-12,Earthquake,Suburb,22039.070086461685
2020-06-13,Earthquake,Suburb,22217.9973540711
2020-06-14,Flood,City,17362.17867324009
2020-06-15,Earthquake,Suburb,22028.025007791457
2020-06-16,Earthquake,City,22333.06414474899
2020-06-17,Earthquake,City,22195.486660680766
2020-06-18,Earthquake,Suburb,22116.166633581728
2020-06-19,Flood,City,17415.66141498347
2020-06-20,Flood,City,17433.770739071537
2020-06-21,Flood,City,17213.96307958402
2020-06-22,Storm,City,15368.7461909942
2020-06-23,Earthquake,Suburb,22136.90232572547
2020-06-24,Storm,Rural,15107.222286590928
2020-06-25,Flood,City,17478.69732015441
2020-06-26,Earthquake,City,22273.525817835718
2020-06-27,Earthquake,City,22257.670045580297
2020-06-28,Flood,Suburb,17163.092712842557
2020-06-29,Flood,City,17532.68419921203
2020-06-30,Earthquake,City,22192.326901360906
2020-07-01,Flood,City,17383.456246803198
2020-07-02,Flood,City,17421.434447141957
2020-07-03,Storm,City,15290.331153047697
2020-07-04,Earthquake,City,22329.436451274043
2020-07-05,Earthquake,Suburb,22118.87931612639
2020-07-06,Earthquake,Suburb,22065.03113294029
2020-07-07,Earthquake,Suburb,22110.06363178099
2020-07-08,Flood,City,17537.58739074671
2020-07-09,Storm,Suburb,15045.440900427746
2020-07-10,Earthquake,Suburb,22166.105284694062
2020-07-11,Earthquake,City,22433.857365931137
2020-07-12,Flood,City,17273.4860022295
2020-07-13,Earthquake,Suburb,22278.7854072756
2020-07-14,Flood,City,17557.15461751422
2020-07-15,Earthquake,City,22519.633441511025
2020-07-16,Flood,City,17447.45543626063
2020-07-17,Earthquake,City,22402.5665637299
2020-07-18,Earthquake,Suburb,22168.0494670115
2020-07-19,Flood,City,17266.62812948867
2020-07-20,Earthquake,City,22203.00861707019
2020-07-21,Flood,City,17592.401461916772
2020-07-22,Earthquake,City,22155.689936502135
2020-07-23,Storm,Suburb,15212.113376345438
2020-07-24,Earthquake,Suburb,22199.702175627426
2020-07-25,Earthquake,Suburb,22111.20060736098
2020-07-26,Storm,Suburb,15149.888432781097
2020-07-27,Storm,City,15312.300235051409
2020-07-28,Earthquake,City,22219.258287774293
2020-07-29,Earthquake,City,22470.657665677114
2020-07-30,Storm,City,15223.980594496878
2020-07-31,Earthquake,City,22325.733283043795
2020-08-01,Earthquake,Suburb,22125.452139026762
2020-08-02,Earthquake,Suburb,22278.43418516514
2020-08-03,Flood,Suburb,17288.074017011677
2020-08-04,Flood,City,17479.637560157153
2020-08-05,Flood,City,17341.408793727966
2020-08-06,Flood,Suburb,17004.93461313203
2020-08-07,Flood,Suburb,17294.954767018487
2020-08-08,Earthquake,Suburb,22110.383990100716
2020-08-09,Storm,City,15420.045331187393
2020-08-10,Flood,City,17433.04215012597
2020-08-11,Storm,Suburb,15032.741771898069
2020-08-12,Flood,City,17416.784088049615
2020-08-13,Earthquake,Suburb,22371.03192735704
2020-08-14,Earthquake,Suburb,22371.349066190705
2020-08-15,Flood,City,17508.81445286689
2020-08-16,Flood,Suburb,17300.777490648645
2020-08-17,Earthquake,Suburb,22230.901979054805
2020-08-18,Earthquake,City,22592.317565642115
2020-08-19,Earthquake,City,22524.254407834796
2020-08-20,Earthquake,Suburb,22280.582066895076
2020-08-21,Storm,City,15475.759483078671
2020-08-22,Storm,City,15412.778245871066
2020-08-23,Storm,Suburb,15310.343557186838
2020-08-24,Storm,Suburb,15174.425203285718
2020-08-25,Earthquake,Suburb,22212.204256669593
2020-08-26,Storm,City,15628.008816142206
2020-08-27,Flood,City,17432.01658208511
2020-08-28,Flood,Rural,17205.48541888814
2020-08-29,Flood,City,17173.23487191585
2020-08-30,Earthquake,City,22334.814054081347
2020-08-31,Earthquake,Suburb,22254.545230486176
2020-09-01,Earthquake,Suburb,22396.216838502885
2020-09-02,Earthquake,Rural,22138.889507150958
2020-09-03,Earthquake,City,22455.074312363384
2020-09-04,Earthquake,City,22584.292402424657
2020-09-05,Flood,City,17306.718949288264
2020-09-06,Earthquake,Suburb,22214.605191454484
2020-09-07,Earthquake,City,22456.12764203553
2020-09-08,Earthquake,City,22330.819398206902
2020-09-09,Earthquake,City,22572.938050971796
2020-09-10,Earthquake,Suburb,22542.626313064233
2020-09-11,Flood,City,17441.61293995075
2020-09-12,Earthquake,City,22551.066115824182
2020-09-13,Storm,Suburb,15304.924345226493
2020-09-14,Flood,City,17371.80709444238
2020-09-15,Earthquake,City,22635.08440389296
2020-09-16,Storm,Suburb,15297.906240380162
2020-09-17,Flood,City,17255.956095641668
2020-09-18,Storm,City,15442.926404499518
2020-09-19,Flood,City,17613.643246007254
2020-09-20,Earthquake,City,22495.43434391523
2020-09-21,Earthquake,Suburb,22389.8297554369
2020-09-22,Storm,Rural,15352.210391856695
2020-09-23,Storm,Suburb,15150.56259653099
2020-09-24,Storm,Rural,15260.059638843675
2020-09-25,Storm,Suburb,15001.80929919426
2020-09-26,Earthquake,Suburb,22319.911946825432
2020-09-27,Flood,City,17780.85820128415
2020-09-28,Storm,Suburb,15462.213129228014
2020-09-29,Earthquake,City,22348.88700455209
2020-09-30,Flood,Rural,17154.885164134677
2020-10-01,Earthquake,Suburb,21965.297482099875
2020-10-02,Earthquake,City,22380.33102782721
2020-10-03,Earthquake,City,22657.16097976837
2020-10-04,Storm,Suburb,15234.78082478656
2020-10-05,Storm,City,15467.206902555925
2020-10-06,Flood,City,17507.09293335028
2020-10-07,Earthquake,Suburb,22439.010582874882
2020-10-08,Storm,City,15396.033608979918
2020-10-09,Earthquake,Suburb,21961.711463140324
2020-10-10,Storm,Rural,15055.855514004421
2020-10-11,Earthquake,City,22594.102292157248
2020-10-12,Earthquake,City,22070.69163268076
2020-10-13,Flood,Rural,17211.72004656148
2020-10-14,Storm,City,15589.974029358818
2020-10-15,Flood,Suburb,17116.00953519217
2020-10-16,Flood,Rural,17068.233922592837
2020-10-17,Earthquake,Suburb,22154.963093628732
2020-10-18,Storm,City,15364.517568197154
2020-10-19,Earthquake,City,22255.433201959542
2020-10-20,Earthquake,Suburb,22128.729528880012
2020-10-21,Earthquake,City,22269.43191399042
2020-10-22,Flood,Suburb,17483.239919838594
2020-10-23,Storm,City,15515.132264320026
2020-10-24,Flood,City,17421.501713933147
2020-10-25,Earthquake,Suburb,22341.65411907962
2020-10-26,Earthquake,City,22352.64666467697
2020-10-27,Earthquake,Rural,22150.683854359537
2020-10-28,Earthquake,City,22310.730451518597
2020-10-29,Flood,City,17469.331952212608
2020-10-30,Storm,Rural,15115.274992388264
2020-10-31,Flood,City,17439.366713900938
2020-11-01,Storm,City,15129.342159279202
2020-11-02,Earthquake,City,22392.778117115427
2020-11-03,Storm,City,15177.585573062659
2020-11-04,Earthquake,Suburb,22193.112414158913
2020-11-05,Flood,Rural,16957.849778758624
2020-11-06,Flood,City,17163.591362932886
2020-11-07,Earthquake,City,22346.60484538392
2020-11-08,Earthquake,Suburb,22069.461973688958
2020-11-09,Earthquake,Suburb,22072.19928834112
2020-11-10,Earthquake,City,22369.927380976373
2020-11-11,Storm,City,15210.564665853728
2020-11-12,Earthquake,City,22293.920620547917
2020-11-13,Storm,City,15239.94652416829
2020-11-14,Earthquake,City,22306.484874372363
2020-11-15,Flood,Rural,17146.520595220445
2020-11-16,Flood,City,17426.963982220026
2020-11-17,Storm,Suburb,15152.764348325867
2020-11-18,Flood,Suburb,17265.60006029718
2020-11-19,Storm,City,15354.912111995953
2020-11-20,Flood,Suburb,17507.872364540784
2020-11-21,Storm,Rural,15017.730975847091
2020-11-22,Storm,Rural,14881.088466463936
2020-11-23,Earthquake,Suburb,22218.028789634503
2020-11-24,Earthquake,City,22303.496162939187
2020-11-25,Earthquake,City,22384.133117774214
2020-11-26,Earthquake,Suburb,22098.921381191798
2020-11-27,Storm,Rural,15019.362957816886
2020-11-28,Flood,City,17401.006635040256
2020-11-29,Earthquake,City,22350.27396983418
2020-11-30,Earthquake,Rural,22094.451211186628
2020-12-01,Earthquake,City,22493.340047603608
2020-12-02,Flood,City,17348.719523243526
2020-12-03,Earthquake,Suburb,21929.52668554983
2020-12-04,Flood,Suburb,17150.5379604885
2020-12-05,Earthquake,City,22272.310000053647
2020-12-06,Flood,City,17393.982684281593
2020-12-07,Earthquake,Suburb,22112.708241194454
2020-12-08,Flood,City,17267.673210427576
2020-12-09,Flood,City,17185.631924523226
2020-12-10,Flood,City,17689.605739617728
2020-12-11,Storm,Suburb,15255.793515603329
2020-12-12,Earthquake,City,22429.000781327704
2020-12-13,Earthquake,City,22559.264078462176
2020-12-14,Earthquake,Suburb,22021.98461347674
2020-12-15,Flood,Rural,17031.909300659398
2020-12-16,Earthquake,City,22448.074893275258
2020-12-17,Earthquake,City,22386.57427436316
2020-12-18,Earthquake,Rural,21787.34112610008
2020-12-19,Flood,City,17533.77636875886
2020-12-20,Earthquake,City,22624.244445457036
2020-12-21,Earthquake,City,22595.410475050438
2020-12-22,Earthquake,City,22414.766814279414
2020-12-23,Flood,City,17301.19426623754
2020-12-24,Earthquake,City,22683.300582385516
2020-12-25,Earthquake,Suburb,22123.892720433905
2020-12-26,Earthquake,City,22675.062552430496
2020-12-27,Flood,Suburb,17053.833262868407
2020-12-28,Flood,City,17428.614921140874
2020-12-29,Earthquake,Suburb,22215.341092309794
2020-12-30,Earthquake,City,22162.60450299257
2020-12-31,Storm,City,15472.309763679861
2021-01-01,Flood,City,17459.64786543808
2021-01-02,Storm,Suburb,15219.177114233713
2021-01-03,Flood,Suburb,17780.59649255495
2021-01-04,Earthquake,Suburb,22430.72852431844
2021-01-05,Earthquake,City,22585.353634802537
2021-01-06,Earthquake,City,22716.397392889674
2021-01-07,Flood,Suburb,17383.418415858137
2021-01-08,Storm,Rural,15479.426818868655
2021-01-09,Flood,City,17866.22805045834
2021-01-10,Earthquake,Suburb,22250.98682244935
2021-01-11,Flood,City,17630.66522383252
2021-01-12,Earthquake,City,22461.461823096262
2021-01-13,Earthquake,Suburb,22621.561441605063
2021-01-14,Earthquake,Suburb,22346.39358985576
2021-01-15,Flood,City,17655.069617377107
2021-01-16,Earthquake,City,22472.87004051965
2021-01-17,Storm,Rural,15060.028867688063
2021-01-18,Flood,City,17617.37879884969
2021-01-19,Earthquake,City,22692.621089108445
2021-01-20,Earthquake,City,22574.512715530127
2021-01-21,Earthquake,Rural,22073.098132079922
2021-01-22,Flood,Suburb,17416.632495240003
2021-01-23,Flood,City,17595.5707116194
2021-01-24,Flood,Suburb,17263.75735759932
2021-01-25,Flood,Rural,17464.542175843773
2021-01-26,Earthquake,City,22905.567174772998
2021-01-27,Flood,Suburb,17455.381405450436
2021-01-28,Storm,City,15684.153031529786
2021-01-29,Storm,City,15505.501496733765
2021-01-30,Earthquake,Suburb,22137.498476939672
2021-01-31,Earthquake,City,22552.02723838183
2021-02-01,Earthquake,Suburb,22274.54617868104
2021-02-02,Earthquake,City,22607.13718624131
2021-02-03,Earthquake,City,22681.81063164515
2021-02-04,Earthquake,Suburb,22650.299234989845
2021-02-05,Earthquake,City,22720.648520633298
2021-02-06,Earthquake,Suburb,22526.27303512233
2021-02-07,Earthquake,City,22623.90552205182
2021-02-08,Flood,City,17639.89049287464
2021-02-09,Storm,City,15701.941056219808
2021-02-10,Earthquake,City,22829.08481050451
2021-02-11,Flood,Rural,17330.167716212214
2021-02-12,Earthquake,Suburb,22545.578696695986
2021-02-13,Storm,Suburb,15582.312542164695
2021-02-14,Storm,City,15895.015862818631
2021-02-15,Earthquake,City,22523.71866663938
2021-02-16,Flood,Suburb,17520.843622843087
2021-02-17,Flood,City,17754.28069174396
2021-02-18,Flood,Suburb,17632.719490617765
2021-02-19,Flood,City,17880.24519036682
2021-02-20,Earthquake,Suburb,22739.557260925594
2021-02-21,Earthquake,City,22693.762804889288
2021-02-22,Flood,City,17943.251619864197
2021-02-23,Flood,City,17960.605461084666
2021-02-24,Earthquake,City,22914.303799718276
2021-02-25,Flood,City,17744.339921776365
2021-02-26,Flood,City,17733.095607807976
2021-02-27,Earthquake,Suburb,22577.8128873475
2021-02-28,Flood,City,17743.7404240858
2021-03-01,Earthquake,City,22830.030188994784
2021-03-02,Earthquake,City,22658.605515874257
2021-03-03,Earthquake,City,22833.558987440534
2021-03-04,Earthquake,Suburb,22610.476687860784
2021-03-05,Earthquake,Suburb,22487.913492975887
2021-03-06,Flood,City,17738.427241418263
2021-03-07,Storm,City,15648.07766088877
2021-03-08,Flood,Suburb,17420.3592501072
2021-03-09,Flood,Suburb,17586.228989579096
2021-03-10,Flood,City,17637.265168836813
2021-03-11,Earthquake,Suburb,22595.251596452898
2021-03-12,Earthquake,Suburb,22627.760636992498
2021-03-13,Earthquake,City,22630.26413056485
2021-03-14,Flood,City,17762.06121289921
2021-03-15,Earthquake,City,22720.542306374045
2021-03-16,Earthquake,City,22694.65451111943
2021-03-17,Earthquake,Suburb,22763.407679016942
2021-03-18,Earthquake,City,22701.795564852353
2021-03-19,Storm,Suburb,15463.192386000119
2021-03-20,Flood,Suburb,17626.676289930612
2021-03-21,Storm,City,15757.305676389402
2021-03-22,Earthquake,City,22893.332474655563
2021-03-23,Earthquake,City,22591.796658667135
2021-03-24,Earthquake,Suburb,22584.61825005523
2021-03-25,Earthquake,City,22654.72194550616
2021-03-26,Storm,City,16249.92925141299
2021-03-27,Earthquake,City,22772.5221139411
2021-03-28,Storm,City,15726.70291037457
2021-03-29,Storm,City,15874.271849544466
2021-03-30,Earthquake,Suburb,22541.744004071315
2021-03-31,Earthquake,City,22759.521782009666
2021-04-01,Storm,City,15751.66513343564
2021-04-02,Flood,City,17636.343290059616
2021-04-03,Flood,Suburb,17473.990970257175
2021-04-04,Flood,City,17863.64631892403
2021-04-05,Storm,Rural,15219.128104807858
2021-04-06,Storm,City,15701.728636005966
2021-04-07,Earthquake,City,22556.4585334715
2021-04-08,Earthquake,Suburb,22459.70177132662
2021-04-09,Earthquake,City,22660.041598628264
2021-04-10,Earthquake,Suburb,22873.468571542784
2021-04-11,Earthquake,City,23035.6326364787
2021-04-12,Earthquake,City,22939.23374567616
2021-04-13,Earthquake,City,22917.75731222033
2021-04-14,Flood,City,17714.49999704456
2021-04-15,Earthquake,City,22853.99138279018
2021-04-16,Flood,City,17656.03650761289
2021-04-17,Earthquake,Suburb,22476.785047277008
2021-04-18,Storm,Suburb,15573.618271613648
2021-04-19,Flood,Suburb,17433.94457481169
2021-04-20,Earthquake,City,22709.092996801046
2021-04-21,Earthquake,City,22899.689430800558
2021-04-22,Storm,Suburb,15475.998478485137
2021-04-23,Earthquake,Suburb,22444.88362150396
2021-04-24,Earthquake,Suburb,23014.994958187373
2021-04-25,Storm,Suburb,15503.63624536213
2021-04-26,Earthquake,Suburb,22473.240631307122
2021-04-27,Earthquake,City,22635.822882964047
2021-04-28,Earthquake,Rural,22359.73245349892
2021-04-29,Storm,Suburb,15480.625229587698
2021-04-30,Storm,Rural,15298.982559178212
2021-05-01,Earthquake,Suburb,22333.347907273386
2021-05-02,Flood,City,17510.32753015857
2021-05-03,Earthquake,Suburb,22350.77166946269
2021-05-04,Earthquake,Suburb,22541.96070366742
2021-05-05,Storm,Suburb,15658.806794603104
2021-05-06,Earthquake,City,22610.501312823486
2021-05-07,Flood,Suburb,17394.00150430274
2021-05-08,Earthquake,City,22903.601414787056
2021-05-09,Earthquake,City,22615.21799793822
2021-05-10,Flood,City,17580.392404820137
2021-05-11,Earthquake,Rural,22123.290322634817
2021-05-12,Storm,City,15631.26866946523
2021-05-13,Flood,City,17965.296774086317
2021-05-14,Storm,Suburb,15216.963429728405
2021-05-15,Flood,City,17695.923394646907
2021-05-16,Flood,City,17485.668039015418
2021-05-17,Earthquake,Suburb,22300.929807423727
2021-05-18,Flood,City,17446.02431970041
2021-05-19,Earthquake,City,22684.060792991837
2021-05-20,Earthquake,Suburb,22367.853587604524
2021-05-21,Flood,Suburb,17450.159578567822
2021-05-22,Flood,City,17516.019770685227
2021-05-23,Earthquake,Rural,22374.842255494237
2021-05-24,Earthquake,Suburb,22439.80403034959
2021-05-25,Storm,Suburb,15672.653194622602
2021-05-26,Earthquake,City,22716.803983834507
2021-05-27,Flood,Suburb,17403.98185354961
2021-05-28,Storm,City,15789.224333375994
2021-05-29,Earthquake,City,22613.938375707403
2021-05-30,Earthquake,City,22616.262034037343
2021-05-31,Earthquake,Suburb,22400.642253609556
2021-06-01,Storm,City,15229.83840716122
2021-06-02,Earthquake,City,22582.15598665553
2021-06-03,Earthquake,City,22265.67087867485
2021-06-04,Flood,Rural,16956.69803103169
2021-06-05,Earthquake,City,22442.561172130798
2021-06-06,Earthquake,City,22151.8671140015
2021-06-07,Earthquake,City,22308.322779675
2021-06-08,Earthquake,City,22271.24974759944
2021-06-09,Earthquake,City,22317.66625796493
2021-06-10,Flood,City,17172.26948258312
2021-06-11,Earthquake,City,22348.80347297529
2021-06-12,Earthquake,Rural,22031.908182866864
2021-06-13,Earthquake,Rural,21985.788624747176
2021-06-14,Flood,Suburb,17094.646318506097
2021-06-15,Earthquake,Rural,22124.02785873757
2021-06-16,Earthquake,City,22251.084027341432
2021-06-17,Flood,City,17451.273609943884
2021-06-18,Earthquake,Suburb,22222.857462731754
2021-06-19,Earthquake,City,22281.230778944562
2021-06-20,Flood,City,17306.245890670438
2021-06-21,Storm,City,15404.670420053288
2021-06-22,Flood,City,17299.661459593928
2021-06-23,Earthquake,Suburb,22213.69902301974
2021-06-24,Earthquake,City,22462.164215452693
2021-06-25,Earthquake,City,22480.819453166794
2021-06-26,Earthquake,Suburb,22285.950580745986
2021-06-27,Storm,City,15311.962782614059
2021-06-28,Earthquake,Suburb,22130.5685005299
2021-06-29,Earthquake,Suburb,22160.174642356415
2021-06-30,Earthquake,City,22239.160729316325
2021-07-01,Earthquake,Rural,22008.364952862266
2021-07-02,Storm,Suburb,15166.62124906262
2021-07-03,Earthquake,City,22333.39760814351
2021-07-04,Earthquake,Suburb,22178.27570057257
2021-07-05,Flood,Suburb,17090.713756930378
2021-07-06,Earthquake,Suburb,22042.25764042893
2021-07-07,Flood,Suburb,17156.399369099192
2021-07-08,Flood,City,17422.972190232496
2021-07-09,Earthquake,City,22190.59528001869
2021-07-10,Earthquake,Suburb,22220.9191822869
2021-07-11,Earthquake,City,22315.7202041266
2021-07-12,Earthquake,City,22411.095611715402
2021-07-13,Earthquake,Suburb,22105.275610432807
2021-07-14,Flood,Suburb,17159.67109328872
2021-07-15,Earthquake,City,22462.23933466197
2021-07-16,Flood,City,17393.094147948308
2021-07-17,Flood,Suburb,16963.290986082215
2021-07-18,Flood,Suburb,17102.001938887992
2021-07-19,Flood,City,17474.384442184615
2021-07-20,Storm,City,15408.27634649065
2021-07-21,Flood,City,17277.637856549187
2021-07-22,Earthquake,City,22319.007006282645
2021-07-23,Earthquake,Suburb,21978.88809930505
2021-07-24,Flood,Suburb,16999.51503415264
2021-07-25,Flood,City,17238.072288643838
2021-07-26,Storm,City,15430.910484925613
2021-07-27,Earthquake,City,22342.937321984704
2021-07-28,Flood,Rural,17002.175877848345
2021-07-29,Earthquake,Suburb,22223.582699311068
2021-07-30,Earthquake,City,22147.70005252255
2021-07-31,Flood,Suburb,17248.06349185825
2021-08-01,Flood,City,17392.61450646336
2021-08-02,Earthquake,Rural,21857.632919386644
2021-08-03,Earthquake,City,22417.69230391235
2021-08-04,Flood,City,17393.03714414318
2021-08-05,Flood,City,17351.76923570277
2021-08-06,Earthquake,City,22350.550021732673
2021-08-07,Storm,City,15446.655058136017
2021-08-08,Flood,Suburb,17064.397397497036
2021-08-09,Earthquake,City,22506.063694046363
2021-08-10,Flood,City,17373.29447900333
2021-08-11,Earthquake,Suburb,22248.697269615932
2021-08-12,Storm,City,15457.392724257223
2021-08-13,Earthquake,Rural,22037.283617184054
2021-08-14,Storm,Rural,15101.681275962195
2021-08-15,Flood,Suburb,17098.94359722322
2021-08-16,Flood,City,17591.188892957285
2021-08-17,Earthquake,Suburb,22079.529981442345
2021-08-18,Earthquake,Suburb,22179.881728835884
2021-08-19,Earthquake,City,22533.97704161171
2021-08-20,Storm,City,15301.115432925028
2021-08-21,Earthquake,City,22689.180903468947
2021-08-22,Earthquake,Suburb,22414.042180995017
2021-08-23,Earthquake,City,22548.05160383156
2021-08-24,Flood,City,17369.91989826347
2021-08-25,Flood,Rural,17065.220143632505
2021-08-26,Flood,City,17470.026253846267
2021-08-27,Flood,City,17317.58317900406
2021-08-28,Flood,City,17301.824243007413
2021-08-29,Earthquake,City,22367.797234073576
2021-08-30,Flood,Suburb,17167.00106025205
2021-08-31,Earthquake,Suburb,22295.336052982024
2021-09-01,Flood,City,17531.123377719916
2021-09-02,Earthquake,City,22567.02208921698
2021-09-03,Storm,City,15552.153435344651
2021-09-04,Earthquake,City,22256.889489268448
2021-09-05,Storm,Rural,14969.434228863705
2021-09-06,Flood,Suburb,17152.553219633715
2021-09-07,Flood,Rural,17173.903626107425
2021-09-08,Earthquake,City,22501.816817869596
2021-09-09,Earthquake,City,22481.59931473689
2021-09-10,Earthquake,City,22274.722427733977
2021-09-11,Storm,City,15578.797166628852
2021-09-12,Earthquake,City,22218.475968700077
2021-09-13,Earthquake,Suburb,22301.00406917163
2021-09-14,Flood,City,17454.593868527525
2021-09-15,Earthquake,City,22529.116209698117
2021-09-16,Earthquake,City,22575.00068268441
2021-09-17,Earthquake,City,22322.926697103856
2021-09-18,Earthquake,City,22304.89610319968
2021-09-19,Storm,City,15590.243361574521
2021-09-20,Earthquake,City,22670.794716886423
2021-09-21,Earthquake,City,22622.373634396346
2021-09-22,Flood,City,17322.91612875403
2021-09-23,Earthquake,Suburb,22300.303629915295
2021-09-24,Earthquake,City,22480.365227309198
2021-09-25,Earthquake,Suburb,22309.121829959135
2021-09-26,Flood,City,17293.429231516722
2021-09-27,Earthquake,City,22724.342302203517
2021-09-28,Earthquake,City,22543.615077217604
2021-09-29,Earthquake,Rural,21828.668115285982
2021-09-30,Earthquake,City,22504.729909872945
2021-10-01,Storm,Suburb,15286.138491252384
2021-10-02,Earthquake,City,22323.325746524937
2021-10-03,Earthquake,Suburb,22224.28021113455
2021-10-04,Earthquake,City,22376.687065634567
2021-10-05,Earthquake,Rural,22059.6052512072
2021-10-06,Earthquake,City,22571.361146073552
2021-10-07,Flood,City,17324.680896160175
2021-10-08,Storm,Suburb,15160.704379756928
2021-10-09,Storm,City,15486.033126947556
2021-10-10,Flood,City,17676.81386057178
2021-10-11,Storm,City,15588.89144308216
2021-10-12,Flood,City,17206.23179029848
2021-10-13,Flood,City,17629.34661937793
2021-10-14,Flood,City,17220.118076149723
2021-10-15,Earthquake,City,22418.340134131435
2021-10-16,Storm,Rural,15084.48204350557
2021-10-17,Storm,City,15526.892190204579
2021-10-18,Earthquake,Rural,21874.710707090428
2021-10-19,Earthquake,City,22588.335545204016
2021-10-20,Earthquake,City,22262.763609322643
2021-10-21,Flood,City,17564.864965484805
2021-10-22,Earthquake,Rural,22308.522597562645
2021-10-23,Flood,City,17360.828203366586
2021-10-24,Earthquake,City,22607.45317461931
2021-10-25,Storm,City,15427.787179460276
2021-10-26,Storm,Suburb,15276.111691724682
2021-10-27,Flood,City,17192.20003051918
2021-10-28,Flood,City,17457.014425320034
2021-10-29,Earthquake,City,22629.322692519352
2021-10-30,Earthquake,Suburb,22336.27527846335
2021-10-31,Earthquake,Suburb,22043.353882587944
2021-11-01,Flood,City,17490.661801301685
2021-11-02,Earthquake,Rural,21975.22326289842
2021-11-03,Flood,City,17586.56981417552
2021-11-04,Storm,Suburb,14937.047213447297
2021-11-05,Earthquake,Suburb,22090.683042928435
2021-11-06,Storm,Rural,15005.840050466948
2021-11-07,Earthquake,Suburb,21961.71259669993
2021-11-08,Earthquake,City,22215.91771075487
2021-11-09,Earthquake,Suburb,21950.87528053909
2021-11-10,Earthquake,City,22394.000583323585
2021-11-11,Flood,City,17367.929594175395
2021-11-12,Earthquake,Rural,22024.877508205376
2021-11-13,Storm,City,15554.69805563097
2021-11-14,Earthquake,Suburb,22213.567959007363
2021-11-15,Earthquake,City,22549.453124570355
2021-11-16,Earthquake,City,22325.730231197227
2021-11-17,Flood,Rural,16955.870137198384
2021-11-18,Earthquake,City,22312.608435783746
2021-11-19,Flood,City,17198.281918439574
2021-11-20,Storm,City,15577.461443359525
2021-11-21,Earthquake,City,22524.581734790525
2021-11-22,Flood,City,17270.27610262686
2021-11-23,Flood,City,17603.98816815813
2021-11-24,Flood,Rural,17016.032028864545
2021-11-25,Flood,City,17472.761156617955
2021-11-26,Flood,Suburb,17177.742421186045
2021-11-27,Earthquake,City,22390.93525697651
2021-11-28,Flood,City,17449.646237523113
2021-11-29,Flood,City,17315.889888127298
2021-11-30,Earthquake,Suburb,21904.413703591264
2021-12-01,Earthquake,City,22365.153101328946
2021-12-02,Flood,City,17253.030360399054
2021-12-03,Earthquake,City,22281.33529148728
2021-12-04,Storm,Suburb,15305.95611833613
2021-12-05,Flood,City,17488.86701809899
2021-12-06,Earthquake,City,22346.039032752604
2021-12-07,Earthquake,City,22315.203364249155
2021-12-08,Flood,City,17452.913072811807
2021-12-09,Storm,City,15379.708862037656
2021-12-10,Storm,City,15460.804268543363
2021-12-11,Flood,City,17447.00676663817
2021-12-12,Earthquake,City,22402.320669722172
2021-12-13,Earthquake,City,22462.844921507687
2021-12-14,Earthquake,Rural,21834.140404149144
2021-12-15,Storm,City,15396.156396823311
2021-12-16,Earthquake,Suburb,22138.171065445313
2021-12-17,Earthquake,City,22450.17685697788
2021-12-18,Flood,Suburb,17215.593667186095
2021-12-19,Earthquake,City,22460.133890830984
2021-12-20,Earthquake,City,22646.831423763506
2021-12-21,Earthquake,City,22407.097858079316
2021-12-22,Earthquake,Suburb,22269.25448770897
2021-12-23,Earthquake,City,22518.283826236777
2021-12-24,Storm,Suburb,15128.055173251481
2021-12-25,Earthquake,City,22262.142662733462
2021-12-26,Storm,Rural,15083.775931273873
2021-12-27,Flood,Suburb,17159.649778054838
2021-12-28,Earthquake,Suburb,22214.067874002285
2021-12-29,Flood,Suburb,17103.13523497559
2021-12-30,Flood,Suburb,17188.98229266667
2021-12-31,Earthquake,Suburb,21960.951405415715
2022-01-01,Storm,City,15846.697290752765
2022-01-02,Storm,City,15620.98876294001
2022-01-03,Storm,City,15671.140276799839
2022-01-04,Earthquake,City,23129.815356812185
2022-01-05,Flood,Suburb,17245.821495940432
2022-01-06,Earthquake,City,22946.899552693932
2022-01-07,Storm,City,15552.691020339615
2022-01-08,Earthquake,City,22686.481477597594
2022-01-09,Earthquake,City,22742.51902320026
2022-01-10,Earthquake,City,22708.22729547536
2022-01-11,Storm,Suburb,15491.864789284338
2022-01-12,Flood,Suburb,17509.79222410798
2022-01-13,Storm,City,15430.42464526289
2022-01-14,Storm,Suburb,15112.012160624749
2022-01-15,Earthquake,Rural,22181.524654986322
2022-01-16,Flood,City,17567.79617978421
2022-01-17,Storm,City,15721.088669704604
2022-01-18,Earthquake,City,22402.62617667931
2022-01-19,Earthquake,Suburb,22412.010090294174
2022-01-20,Earthquake,City,22792.07017940052
2022-01-21,Earthquake,City,22484.64410537553
2022-01-22,Earthquake,City,22517.858109380428
2022-01-23,Earthquake,City,22375.553327305013
2022-01-24,Earthquake,Rural,22129.50565194669
2022-01-25,Flood,Suburb,17171.511701258245
2022-01-26,Earthquake,Suburb,22267.68992043301
2022-01-27,Earthquake,City,22647.29149046161
2022-01-28,Earthquake,City,22508.181496679656
2022-01-29,Flood,Suburb,17228.73197706367
2022-01-30,Earthquake,City,22407.753216370216
2022-01-31,Earthquake,Suburb,22454.08472565339
2022-02-01,Earthquake,City,22605.434454622035
2022-02-02,Earthquake,City,22584.109286910498
2022-02-03,Earthquake,Suburb,22540.892007053102
2022-02-04,Earthquake,City,22600.811929436288
2022-02-05,Earthquake,Suburb,22377.79851659791
2022-02-06,Flood,City,17844.414408960194
2022-02-07,Earthquake,City,22720.921743797953
2022-02-08,Flood,City,17698.862027051146
2022-02-09,Earthquake,City,22634.912365195578
2022-02-10,Storm,Suburb,15552.367924282238
2022-02-11,Earthquake,City,22529.61931421587
2022-02-12,Earthquake,City,22542.79651615627
2022-02-13,Storm,City,15620.337670750758
2022-02-14,Flood,Suburb,17438.905080248584
2022-02-15,Earthquake,City,22736.357719679734
2022-02-16,Earthquake,Suburb,22525.276828863683
2022-02-17,Earthquake,City,22583.498837698226
2022-02-18,Earthquake,Suburb,22507.184888937805
2022-02-19,Earthquake,Rural,22532.102553075467
2022-02-20,Earthquake,Suburb,22446.93668425104
2022-02-21,Earthquake,City,22928.943524655522
2022-02-22,Earthquake,City,22563.18259222687
2022-02-23,Earthquake,Suburb,22421.111935288165
2022-02-24,Earthquake,Suburb,22506.838076506112
2022-02-25,Storm,Rural,15247.3835428002
2022-02-26,Flood,Suburb,17702.409788118643
2022-02-27,Storm,Suburb,15534.356130256147
2022-02-28,Earthquake,City,22753.24384922964
2022-03-01,Earthquake,Rural,22320.906136554946
2022-03-02,Earthquake,Suburb,22607.084384519563
2022-03-03,Earthquake,Rural,22306.912305339476
2022-03-04,Earthquake,City,22665.031858920305
2022-03-05,Flood,City,17701.33204264646
2022-03-06,Flood,Suburb,17521.969750469823
2022-03-07,Earthquake,City,22794.41657003315
2022-03-08,Flood,Suburb,17378.087517319436
2022-03-09,Earthquake,City,22827.39857591451
2022-03-10,Flood,Suburb,17636.473862509487
2022-03-11,Earthquake,City,22608.960023958432
2022-03-12,Flood,Suburb,17402.192581429877
2022-03-13,Earthquake,City,22644.158679653137
2022-03-14,Flood,City,17585.527601490736
2022-03-15,Flood,City,17874.141840739547
2022-03-16,Earthquake,Rural,22323.29583381164
2022-03-17,Storm,Rural,15328.561900862496
2022-03-18,Earthquake,City,22894.798987347727
2022-03-19,Earthquake,Suburb,22690.08521445397
2022-03-20,Earthquake,City,22752.92464742402
2022-03-21,Earthquake,Suburb,22582.408509904064
2022-03-22,Storm,City,15738.59969920122
2022-03-23,Earthquake,Suburb,22448.13742739541
2022-03-24,Earthquake,City,22888.21436748519
2022-03-25,Flood,Suburb,17890.564664626265
2022-03-26,Flood,City,17647.983589277956
2022-03-27,Earthquake,City,23071.279503432375
2022-03-28,Storm,Suburb,15584.66358334766
2022-03-29,Earthquake,City,22636.464555518414
2022-03-30,Earthquake,Suburb,22572.816722787054
2022-03-31,Earthquake,City,22890.77806272955
2022-04-01,Flood,Suburb,17424.516192750263
2022-04-02,Earthquake,Suburb,22741.156827726885
2022-04-03,Earthquake,Suburb,22668.45724264241
2022-04-04,Earthquake,City,22630.2291133967
2022-04-05,Earthquake,City,22534.544278846184
2022-04-06,Earthquake,City,22459.345931286713
2022-04-07,Earthquake,City,22620.557763179077
2022-04-08,Flood,City,17872.909876679078
2022-04-09,Earthquake,City,23027.494030504993
2022-04-10,Earthquake,City,22837.49081172134
2022-04-11,Earthquake,Suburb,22539.260363780893
2022-04-12,Earthquake,City,22743.30817744453
2022-04-13,Flood,City,17726.453039486176
2022-04-14,Earthquake,Suburb,22653.462897471425
2022-04-15,Earthquake,City,22702.730351942395
2022-04-16,Earthquake,Rural,22359.274812218326
2022-04-17,Flood,Suburb,17435.96601634269
2022-04-18,Earthquake,Suburb,22553.79211562164
2022-04-19,Earthquake,Rural,22219.840914412187
2022-04-20,Earthquake,City,22787.624980160836
2022-04-21,Storm,City,15696.952825492961
2022-04-22,Flood,City,17820.581731491704
2022-04-23,Flood,City,17836.155102957757
2022-04-24,Earthquake,Suburb,22532.857728005005
2022-04-25,Flood,Rural,17183.77517146491
2022-04-26,Flood,City,17536.93360622822
2022-04-27,Earthquake,Suburb,22477.8496126401
2022-04-28,Earthquake,Suburb,22505.34368074863
2022-04-29,Storm,Suburb,15503.139289976441
2022-04-30,Flood,City,17544.6770337719
2022-05-01,Earthquake,City,22584.532687477928
2022-05-02,Flood,City,17494.85536229931
2022-05-03,Flood,Suburb,17469.11701086763
2022-05-04,Earthquake,City,22963.873091918023
2022-05-05,Earthquake,City,22578.399212396733
2022-05-06,Earthquake,City,22817.948191352167
2022-05-07,Earthquake,Suburb,22299.482235925887
2022-05-08,Earthquake,City,22633.46381265627
2022-05-09,Earthquake,Suburb,22165.251396113017
2022-05-10,Earthquake,Rural,22192.852408288745
2022-05-11,Earthquake,City,22932.565225908613
2022-05-12,Earthquake,City,22448.217563789767
2022-05-13,Earthquake,Suburb,22214.533565325914
2022-05-14,Earthquake,City,22561.217222129544
2022-05-15,Earthquake,Suburb,22380.399456221337
2022-05-16,Earthquake,City,22381.965572356723
2022-05-17,Earthquake,City,22465.33328389049
2022-05-18,Earthquake,Rural,22220.989275283602
2022-05-19,Earthquake,Suburb,22531.723325513445
2022-05-20,Earthquake,City,22348.511092807254
2022-05-21,Flood,City,17652.293274850483
2022-05-22,Earthquake,Rural,22191.94021623267
2022-05-23,Storm,City,15314.344756065395
2022-05-24,Flood,City,17460.705253826214
2022-05-25,Storm,Rural,14964.606859672114
2022-05-26,Earthquake,Rural,22057.99319075252
2022-05-27,Storm,City,15622.012557977097
2022-05-28,Flood,City,17572.781835092253
2022-05-29,Storm,City,15619.961700734631
2022-05-30,Storm,City,15830.140842345694
2022-05-31,Earthquake,City,22665.92936925842
2022-06-01,Earthquake,Suburb,22127.000830024135
2022-06-02,Flood,City,17293.181069333194
2022-06-03,Earthquake,City,22372.436860254944
2022-06-04,Storm,City,15338.769595862295
2022-06-05,Flood,Rural,17466.493955007758
2022-06-06,Flood,City,17386.64250342215
2022-06-07,Flood,City,17415.07940665878
2022-06-08,Storm,City,15513.321399857303
2022-06-09,Earthquake,Suburb,22183.855122274053
2022-06-10,Storm,City,15373.75588754081
2022-06-11,Earthquake,Rural,22187.577878696244
2022-06-12,Storm,City,15632.798825093518
2022-06-13,Earthquake,City,22306.905586317127
2022-06-14,Flood,Rural,16957.337007657592
2022-06-15,Flood,City,17385.818016538244
2022-06-16,Flood,City,17531.2966263781
2022-06-17,Flood,Suburb,17215.865395179306
2022-06-18,Earthquake,City,22225.319429180683
2022-06-19,Earthquake,Suburb,22196.737499154486
2022-06-20,Flood,City,17207.269961528724
2022-06-21,Earthquake,City,22283.081195256284
2022-06-22,Flood,City,17460.005728352786
2022-06-23,Earthquake,Suburb,22253.427881582724
2022-06-24,Earthquake,City,22351.75179716012
2022-06-25,Earthquake,Suburb,22044.872935504904
2022-06-26,Storm,City,15267.602464645086
2022-06-27,Flood,Suburb,17678.17960889878
2022-06-28,Flood,City,17618.67186620643
2022-06-29,Flood,City,17475.099837035727
2022-06-30,Flood,City,17369.744242383844
2022-07-01,Earthquake,Rural,21874.76030799661
2022-07-02,Earthquake,Suburb,22102.690981319094
2022-07-03,Flood,City,17398.53258961008
2022-07-04,Flood,City,17197.34348208685
2022-07-05,Earthquake,City,22555.33465782495
2022-07-06,Flood,Suburb,17096.083891414513
2022-07-07,Flood,City,17310.01791619221
2022-07-08,Earthquake,City,22298.2001308645
2022-07-09,Earthquake,City,22261.257924838348
2022-07-10,Earthquake,City,22356.59759940169
2022-07-11,Earthquake,City,22222.295283233507
2022-07-12,Flood,Suburb,17262.828474001653
2022-07-13,Earthquake,Rural,22066.569713901903
2022-07-14,Storm,City,15265.075839107762
2022-07-15,Flood,City,17256.75834566246
2022-07-16,Earthquake,Suburb,22261.64415394053
2022-07-17,Earthquake,City,22365.252442156736
2022-07-18,Flood,Suburb,17130.632444184484
2022-07-19,Flood,Suburb,17240.401878413304
2022-07-20,Flood,City,17487.915720694582
2022-07-21,Storm,City,15377.19012240801
2022-07-22,Storm,City,15220.042082667178
2022-07-23,Earthquake,City,22594.676877670245
2022-07-24,Storm,Rural,14824.419272961026
2022-07-25,Flood,Suburb,17171.110508097903
2022-07-26,Earthquake,City,22349.11314797299
2022-07-27,Earthquake,City,22388.026768119544
2022-07-28,Earthquake,City,22031.157577443675
2022-07-29,Flood,Suburb,17120.589958741115
2022-07-30,Earthquake,Suburb,22159.752745850532
2022-07-31,Earthquake,City,22274.334303528718
2022-08-01,Earthquake,City,22398.97106142968
2022-08-02,Flood,City,17515.512433751577
2022-08-03,Flood,Rural,17192.647791017684
2022-08-04,Earthquake,City,22597.542709729456
2022-08-05,Storm,City,15346.702910900745
2022-08-06,Earthquake,City,22391.582011919327
2022-08-07,Earthquake,City,22363.492649640397
2022-08-08,Flood,City,17564.952008131455
2022-08-09,Earthquake,Rural,21982.401563481617
2022-08-10,Flood,City,17481.717711437166
2022-08-11,Earthquake,Suburb,22124.290199125655
2022-08-12,Earthquake,Suburb,22396.315351335983
2022-08-13,Earthquake,Rural,21830.199706684718
2022-08-14,Flood,City,17424.736489060848
2022-08-15,Flood,City,17570.657474610838
2022-08-16,Flood,Rural,17047.32771066796
2022-08-17,Flood,Suburb,17155.29628725197
2022-08-18,Storm,City,15498.139965772996
2022-08-19,Earthquake,City,22487.56529723268
2022-08-20,Flood,Suburb,17436.867480433284
2022-08-21,Storm,Rural,15243.060329165426
2022-08-22,Earthquake,City,22632.645586245904
2022-08-23,Earthquake,Rural,22054.937563081457
2022-08-24,Flood,City,17651.973616535346
2022-08-25,Flood,City,17489.05583199778
2022-08-26,Earthquake,City,22317.281828490526
2022-08-27,Flood,City,17210.426361014517
2022-08-28,Storm,Rural,15024.407387308347
2022-08-29,Flood,Rural,17394.586351781516
2022-08-30,Flood,City,17530.11239558953
2022-08-31,Earthquake,City,22461.629159862903
2022-09-01,Flood,Suburb,17425.477862948494
2022-09-02,Flood,City,17630.51875542852
2022-09-03,Earthquake,Suburb,22292.48071107741
2022-09-04,Flood,City,17517.688769259454
2022-09-05,Flood,Rural,17032.54772355647
2022-09-06,Earthquake,City,22539.17029179396
2022-09-07,Earthquake,City,22776.741947873244
2022-09-08,Earthquake,City,22522.58285588037
2022-09-09,Storm,Rural,15247.023530083268
2022-09-10,Flood,City,17398.782206466618
2022-09-11,Earthquake,Suburb,22297.825700097517
2022-09-12,Earthquake,City,22551.825106097473
2022-09-13,Earthquake,City,22591.702484948444
2022-09-14,Flood,Suburb,17264.623931270147
2022-09-15,Earthquake,City,22435.1624208852
2022-09-16,Storm,Suburb,15382.095492880193
2022-09-17,Flood,Suburb,17314.75107621872
2022-09-18,Earthquake,Suburb,22323.086366065065
2022-09-19,Flood,City,17618.66392610199
2022-09-20,Earthquake,City,22637.2527712168
2022-09-21,Storm,Suburb,15112.561088560678
2022-09-22,Flood,City,17678.10361985179
2022-09-23,Flood,City,17405.74238692483
2022-09-24,Storm,City,15473.373999262705
2022-09-25,Earthquake,Suburb,22014.08365452303
2022-09-26,Earthquake,Suburb,22295.531857889735
2022-09-27,Storm,Suburb,15531.824953407022
2022-09-28,Earthquake,City,22557.157657642652
2022-09-29,Storm,City,15711.62566339136
2022-09-30,Storm,Suburb,15433.449178997435
2022-10-01,Flood,City,17539.832313164905
2022-10-02,Storm,Suburb,15167.355399912176
2022-10-03,Earthquake,City,22601.816364205068
2022-10-04,Earthquake,Suburb,22197.790262429135
2022-10-05,Earthquake,City,22507.466607908507
2022-10-06,Earthquake,City,22681.680479198043
2022-10-07,Storm,City,15281.89776722558
2022-10-08,Flood,City,17295.908462771604
2022-10-09,Flood,Suburb,17259.891462331634
2022-10-10,Flood,Rural,17016.634453137787
2022-10-11,Earthquake,Suburb,22381.36011825045
2022-10-12,Storm,City,15593.932301102679
2022-10-13,Earthquake,City,22409.815300843995
2022-10-14,Flood,City,17389.385842046635
2022-10-15,Earthquake,Rural,22209.289914291592
2022-10-16,Earthquake,Suburb,22459.070100951714
2022-10-17,Storm,City,15467.214737466069
2022-10-18,Storm,City,15460.007551623481
2022-10-19,Earthquake,City,22446.440392574565
2022-10-20,Earthquake,Rural,22020.829322067097
2022-10-21,Flood,Suburb,17206.06764679865
2022-10-22,Storm,City,15352.176691196242
2022-10-23,Flood,City,17209.768107765885
2022-10-24,Flood,City,17537.923738303394
2022-10-25,Earthquake,City,22724.808814521773
2022-10-26,Earthquake,Suburb,22133.087712679273
2022-10-27,Earthquake,City,22634.98801757779
2022-10-28,Earthquake,City,22459.304752494983
2022-10-29,Flood,City,17597.644942176554
2022-10-30,Earthquake,Suburb,22072.925658579614
2022-10-31,Flood,City,17352.864684701122
2022-11-01,Earthquake,Suburb,22287.815904434276
2022-11-02,Flood,Suburb,17111.709305304692
2022-11-03,Earthquake,Suburb,22222.82873131503
2022-11-04,Earthquake,Rural,21883.930137858937
2022-11-05,Flood,Suburb,17111.53948411205
2022-11-06,Flood,Rural,17067.02944935397
2022-11-07,Flood,City,17232.31217135999
2022-11-08,Flood,City,17380.149953825316
2022-11-09,Earthquake,Suburb,22198.202110542068
2022-11-10,Earthquake,City,22180.33786220519
2022-11-11,Storm,Suburb,15169.476563060476
2022-11-12,Earthquake,Suburb,22117.049464898406
2022-11-13,Storm,Suburb,15095.291723534392
2022-11-14,Flood,City,17432.089966265583
2022-11-15,Storm,City,15276.829692543315
2022-11-16,Earthquake,Rural,22077.86318378872
2022-11-17,Flood,City,17264.95553169685
2022-11-18,Flood,City,17355.783435061963
2022-11-19,Flood,City,17420.81162522539
2022-11-20,Earthquake,City,22234.093283759077
2022-11-21,Earthquake,Rural,21922.52686359167
2022-11-22,Earthquake,Suburb,22126.046092202854
2022-11-23,Earthquake,Suburb,22180.245029162834
2022-11-24,Flood,City,17359.315306283646
2022-11-25,Storm,Suburb,15217.442439934272
2022-11-26,Earthquake,Suburb,22298.782700741565
2022-11-27,Earthquake,Rural,21847.32532660357
2022-11-28,Earthquake,Suburb,22076.78267395729
2022-11-29,Storm,City,15338.986544336647
2022-11-30,Storm,Suburb,15250.756909763606
2022-12-01,Flood,City,17558.249891234776
2022-12-02,Earthquake,City,22449.236834696992
2022-12-03,Earthquake,City,22321.907409412073
2022-12-04,Flood,City,17218.283427237995
2022-12-05,Earthquake,Suburb,22055.240450467234
2022-12-06,Flood,City,17598.084817362058
2022-12-07,Earthquake,Suburb,22424.222005898733
2022-12-08,Earthquake,Suburb,22016.768595156256
2022-12-09,Storm,City,15281.740314080356
2022-12-10,Storm,City,15352.703730855897
2022-12-11,Earthquake,City,22518.923597179273
2022-12-12,Storm,City,15379.679713495207
2022-12-13,Earthquake,Suburb,22179.2274590064
2022-12-14,Storm,Suburb,15288.090021447813
2022-12-15,Earthquake,City,22350.04753968428
2022-12-16,Flood,City,17396.894822104518
2022-12-17,Earthquake,Rural,21800.00734894075
2022-12-18,Earthquake,Suburb,21969.572148799318
2022-12-19,Earthquake,Rural,21906.20990349655
2022-12-20,Flood,City,17276.70152381674
2022-12-21,Earthquake,Suburb,22391.42890763699
2022-12-22,Earthquake,City,22299.02187034009
2022-12-23,Earthquake,City,22490.37988483402
2022-12-24,Storm,Suburb,15171.222984474456
2022-12-25,Earthquake,Suburb,22152.819619877733
2022-12-26,Earthquake,City,22396.2213446682
2022-12-27,Storm,City,15261.569435969692
2022-12-28,Storm,City,15243.236548433075
2022-12-29,Storm,Suburb,15188.26778981605
2022-12-30,Earthquake,Suburb,22150.083522667966
2022-12-31,Earthquake,City,22243.801082711638
